personname,role,companyname,marketvalue
Matti Saastamoinen,Hallituksen jäsen,Gofore Oyj,"357 834 176,15"
Thomas Slettemoen,Hallituksen jäsen,TietoEVRY Oyj,"2 193 245 278,92"
Anders Palklint,Hallituksen jäsen,TietoEVRY Oyj,"2 193 245 278,92"
Kasper Skovgaard Pedersen,Hallituksen jäsen,Nordea Bank Abp,"38 175 846 731,55"
Arne Larsen,Hallituksen jäsen,Anora Group Oyj,"335 065 975,04"
Jussi Mikkola,Hallituksen jäsen,Anora Group Oyj,"335 065 975,04"
Hans Christian  Riise,Hallituksen jäsen,Nordea Bank Abp,"38 175 846 731,55"
Joanna Koskinen,Hallituksen jäsen,Nordea Bank Abp,"38 175 846 731,55"
Ciaran Martin,Hallituksen jäsen,WithSecure Oyj,"184 551 478,47"
Harri Ruusinen,Hallituksen jäsen,WithSecure Oyj,"184 551 478,47"
Katja Kuusikumpu,Hallituksen jäsen,F-Secure Oyj,"327 337 511,21"
Sami Piittisjärvi,Hallituksen jäsen,Konecranes Oyj,"3 899 302 213,32"
Ilpo Waljus,Hallituksen jäsen,TietoEVRY Oyj,"2 193 245 278,92"
Tommy Sander  Aldrin,Hallituksen jäsen,TietoEVRY Oyj,"2 193 245 278,92"
Gerhard Olsson,Hallituksen jäsen,Nordea Bank Abp,"38 175 846 731,55"
Eirik Hjelmeland,Hallituksen jäsen,Heeros Oyj,"17 353 815,84"
Tomas  Karlsson,Hallituksen jäsen,SSAB Ab,"5 648 129 947,77"
Patrick Sjöholm,Hallituksen jäsen,SSAB Ab,"5 648 129 947,77"
Sture Bergvall,Hallituksen jäsen,SSAB Ab,"5 648 129 947,77"
Tomas Lindholm,Hallituksen jäsen,Viking Line Abp,"388 800 000,00"
Fredrik Vojbacke,Hallituksen jäsen,Viking Line Abp,"388 800 000,00"
Casper Lundqvist,Hallituksen jäsen,Viking Line Abp,"388 800 000,00"
Mikael Henriksson,Hallituksen jäsen,SSAB Ab,"5 648 129 947,77"
Tomas Westman,Hallituksen jäsen,SSAB Ab,"5 648 129 947,77"
Tomas Jansson,Hallituksen jäsen,SSAB Ab,"5 648 129 947,77"
Eric Alström,Hallituksen jäsen,Cargotec Oyj,"4 028 083 458,00"
Jukka Moisio,Hallituksen jäsen,Cargotec Oyj,"4 028 083 458,00"
Tuija Pohjolainen-Hiltunen,Hallituksen jäsen,Cargotec Oyj,"4 028 083 458,00"
Luca Sra,Hallituksen jäsen,Cargotec Oyj,"4 028 083 458,00"
Herman Korsgaard,Hallituksen jäsen,Mandatum,"2 176 794 310,18"
Jens Joller,Hallituksen jäsen,Puuilo Oyj,"807 924 362,09"
Anne-Mari Paapio,Hallituksen jäsen,Puuilo Oyj,"807 924 362,09"
Linda von Schantz,Hallituksen jäsen,QPR Software Oyj,"11 014 166,35"
Jari Niska,Hallituksen jäsen,Loihde Oyj,"83 099 788,10"
Christian Wetterstrand,Hallituksen jäsen,Loihde Oyj,"83 099 788,10"
Jari Vähäpesola,Hallituksen jäsen,Spinnova Oy,"82 416 864,93"
Vesa Silaskivi,Hallituksen jäsen,Spinnova Oy,"82 416 864,93"
Sebastian Vinsten,Hallituksen jäsen,Spinnova Oy,"82 416 864,93"
Jon Unnérus,Hallituksen jäsen,KH Group Oyj,"46 114 642,63"
Patrik Rautaheimo,Hallituksen jäsen,Meriaura Group Oyj,"39 179 417,72"
Antti Vehviläinen,Hallituksen jäsen,Meriaura Group Oyj,"39 179 417,72"
Tommi Santanen,Hallituksen jäsen,Titanium Oyj,"106 303 037,00"
Jyrki Liljeroos,Hallituksen jäsen,Modulight Oyj,"38 781 411,76"
Elisa Markula,Hallituksen jäsen,Nokian Renkaat Oyj,"1 261 131 646,50"
Elina Björklund,Hallituksen jäsen,Nokian Renkaat Oyj,"1 261 131 646,50"
Niilo Fredrikson,Hallituksen jäsen,Efecte Oyj,"96 913 860,00"
Simon Begg,Hallituksen jäsen,Efecte Oyj,"96 913 860,00"
Marc Breitfeld,Hallituksen jäsen,Efecte Oyj,"96 913 860,00"
Olli Liitola,Hallituksen jäsen,Harvia Oyj,"742 161 169,20"
Jussi Kniivilä,Hallituksen jäsen,Saga Furs Oyj,"38 520 000,00"
Erika Ottela,Hallituksen jäsen,Saga Furs Oyj,"38 520 000,00"
Daniel Blomqvist,Hallituksen jäsen,Saga Furs Oyj,"38 520 000,00"
Astrid Stange,Hallituksen jäsen,Sampo Oyj,"20 006 636 502,24"
Robert K. Beckler,Hallituksen jäsen,Huhtamäki Oyj,"3 855 666 575,30"
Johanna Grönroos,Hallituksen jäsen,Solwers Oyj,"38 617 003,30"
Satoko Taguma,Hallituksen jäsen,Tulikivi Oyj,"27 480 900,54"
Magnus Wetter,Hallituksen jäsen,Digitalist Group Oyj,"5 686 129,73"
Kerstin Enochsson,Hallituksen jäsen,SSAB Ab,"5 648 129 947,77"
Pierre Heeroma,Hallituksen jäsen,SSAB Ab,"5 648 129 947,77"
Tuula Haataja,Hallituksen jäsen,Viafin Service Oyj,"59 875 117,50"
Eja Tuominen,Hallituksen jäsen,Tokmanni Group Oyj,"865 370 654,40"
Joni Lukkaroinen,Hallituksen jäsen,Sotkamo Silver AB,"39 434 625,11"
Aija Bärlund,Hallituksen jäsen,Elecster Oyj,"18 140 881,44"
Juuso Halonen,Hallituksen jäsen,Elecster Oyj,"18 140 881,44"
Veronika Halonen,Hallituksen jäsen,Elecster Oyj,"18 140 881,44"
Tero Ylinenpää,Hallituksen jäsen,Elecster Oyj,"18 140 881,44"
Maren Kroll,Hallituksen jäsen,Kamux Oyj,"214 493 371,20"
Kati Riikonen,Hallituksen jäsen,Kamux Oyj,"214 493 371,20"
Pascal Lebard,Hallituksen jäsen,Rapala VMC Oyj,"122 850 000,00"
Johan Berg,Hallituksen jäsen,Rapala VMC Oyj,"122 850 000,00"
Heli Arantola,Hallituksen jäsen,Apetit Oyj,"87 182 548,80"
Niclas Diesen,Hallituksen jäsen,HKScan Oyj,"70 255 764,51"
Lauri Sipponen,Hallituksen jäsen,HKScan Oyj,"70 255 764,51"
Sami Yski,Hallituksen jäsen,HKScan Oyj,"70 255 764,51"
Ilkka Uusitalo,Hallituksen jäsen,HKScan Oyj,"70 255 764,51"
Ville Vuori,Hallituksen jäsen,Aspocomp Group Oyj,"21 413 707,20"
Klaus Cawén,Hallituksen jäsen,Sanoma Oyj,"1 108 975 195,14"
Jussi Vanhanen,Hallituksen jäsen,Boreo Oyj,"62 131 119,00"
Massimiliano Brunazzo,Hallituksen jäsen,Marimekko Oyj,"493 480 923,80"
Christoph Vitzthum,Hallituksen jäsen,Elisa Oyj,"7 151 901 020,02"
João Pedro Magalhães da Silva Torres Dolores ,Hallituksen jäsen,Musti Group Oyj,"788 083 145,50"
João Nonell Günther Amaral,Hallituksen jäsen,Musti Group Oyj,"788 083 145,50"
Jeffrey David,Hallituksen jäsen,Musti Group Oyj,"788 083 145,50"
Kai Tavakka,Hallituksen jäsen,Remedy Entertainment Oyj,"225 787 165,66"
Annika Ekman,Hallituksen jäsen,Aspo Oyj,"183 491 509,36"
Kim  Wiio,Hallituksen jäsen,NYAB Oyj,"333 542 688,34"
Margit Lindholm,Hallituksen jäsen,Toivo Group Oyj,"57 134 609,58"
Anni Ronkainen,Hallituksen jäsen,Teleste Oyj,"52 590 078,76"
Joakim Frimodig,Hallituksen jäsen,Inderes Oyj,"32 847 615,70"
Helena Norrman,Hallituksen jäsen,Inderes Oyj,"32 847 615,70"
Juhani Bonsdorff,Hallituksen jäsen,Taaleri Oyj,"244 949 356,80"
Leif Frilund,Hallituksen jäsen,Taaleri Oyj,"244 949 356,80"
Raimo Jyväsjärvi,Hallituksen jäsen,Bittium Oyj,"216 355 719,84"
Maarit Vannas,Hallituksen jäsen,NoHo Partners Oyj,"166 817 137,10"
Timo Mänty,Hallituksen jäsen,NoHo Partners Oyj,"166 817 137,10"
Lars Wrebo,Hallituksen jäsen,Componenta Oyj,"23 699 127,08"
Tero Hemmilä,Hallituksen jäsen,Raisio Oyj,"305 390 837,85"
Tomi Laaksola,Hallituksen jäsen,Eezy Oyj,"33 938 434,33"
Ari Kaperi,Hallituksen jäsen,Alma Media Oyj,"774 401 910,80"
Jacob Kragh,Hallituksen jäsen,Martela Oyj,"5 716 868,75"
Melanie Maas-Brunner,Hallituksen jäsen,UPM-Kymmene Oyj,"17 079 542 368,00"
Antti Koskelin,Hallituksen jäsen,Gofore Oyj,"357 834 176,15"
Irmeli Rytkönen,Hallituksen jäsen,Verkkokauppa.com Oyj,"104 088 650,94"
Enel Sintonen,Hallituksen jäsen,Verkkokauppa.com Oyj,"104 088 650,94"
Anni Ronkainen,Hallituksen jäsen,Sitowise Group Oyj,"98 934 035,40"
Tuomas Tenkanen,Hallituksen jäsen,Aiforia Technologies Oyj,"95 422 260,72"
Anders Dahlblom,Hallituksen jäsen,Enersense International Oyj,"66 299 958,54"
Ville Vuori,Hallituksen jäsen,Enersense International Oyj,"66 299 958,54"
Mikko Kettunen,Hallituksen jäsen,Raute Oyj,"63 675 861,60"
Julius Manni,Hallituksen jäsen,Raute Oyj,"63 675 861,60"
Jenni Virnes,Hallituksen jäsen,Raute Oyj,"63 675 861,60"
Michael McNamara,Hallituksen jäsen,Nokia Oyj,"18 580 673 630,15"
Joakim Frimodig,Hallituksen jäsen,Aktia Pankki Oyj,"648 620 263,17"
Matts Rosenberg,Hallituksen jäsen,Aktia Pankki Oyj,"648 620 263,17"
Katja Pussinen,Hallituksen jäsen,Consti Oyj,"79 150 082,88"
Katarina Cantell,Hallituksen jäsen,Siili Solutions Oyj,"75 867 251,16"
Henna Mäkinen,Hallituksen jäsen,Siili Solutions Oyj,"75 867 251,16"
Kai Telanne,Hallituksen jäsen,Robit Oyj,"36 005 830,00"
Titta Mantila,Hallituksen jäsen,Pohjanmaan Arvo Sijoitusosuuskunta,"41 142 786,30"
Pirjo Kivari,Hallituksen jäsen,Partnera Oyj,"21 693 140,28"
Jenni Heino,Hallituksen jäsen,Partnera Oyj,"21 693 140,28"
Conrad Keijzer,Hallituksen jäsen,Neste Oyj,"19 784 108 411,76"
Pasi Laine,Hallituksen jäsen,Neste Oyj,"19 784 108 411,76"
Sari Mannonen,Hallituksen jäsen,Neste Oyj,"19 784 108 411,76"
Birgit Seeger,Hallituksen jäsen,Konecranes Oyj,"3 899 302 213,32"
Thomas Schulz,Hallituksen jäsen,Konecranes Oyj,"3 899 302 213,32"
Antti Kemppi,Hallituksen jäsen,Kempower Oyj,"1 055 315 480,00"
Amy Chen,Hallituksen jäsen,Detection Technology Oyj,"196 389 462,00"
Jyrki Vainionpää,Hallituksen jäsen,Detection Technology Oyj,"196 389 462,00"
Nina Nissilä,Hallituksen jäsen,Witted Megacorp Oyj,"30 314 177,32"
Anders Dahlblom,Hallituksen jäsen,Betolar Oyj,"21 861 673,43"
Lotta Airas,Hallituksen jäsen,Solteq Oyj,"13 577 550,70"
Pauli Jaakola,Hallituksen jäsen,Kesko Oyj,"6 646 408 664,14"
Leena Craelius,Hallituksen jäsen,Metsä Board Oyj,"2 588 610 796,99"
Annica Bresky,Hallituksen jäsen,Vaisala Oyj,"1 216 986 715,20"
Lotte Rosenberg,Hallituksen jäsen,Vaisala Oyj,"1 216 986 715,20"
Teija Sarajärvi,Hallituksen jäsen,Terveystalo Oyj,"1 002 318 229,59"
Tarmo Noop,Hallituksen jäsen,Olvi Oyj,"621 666 960,00"
Essi Kautonen,Hallituksen jäsen,Oma Säästöpankki Oyj,"612 264 360,80"
Malin Lombardi,Hallituksen jäsen,Ålandsbanken Abp,"521 795 600,10"
Antto Trög,Hallituksen jäsen,Norrhydro Group Oyj,"15 742 288,98"
Yrjö Trög,Hallituksen jäsen,Norrhydro Group Oyj,"15 742 288,98"
Markus  Ehrnrooth,Hallituksen jäsen,Enento Group Oyj,"392 615 124,00"
Tuomas Kokkila,Hallituksen jäsen,SRV Yhtiöt Oyj,"73 703 368,62"
Tuomo Louhivuori,Hallituksen jäsen,SSH Communications Security Oyj,"52 036 614,53"
Elisabeth Dreijer von Sydow,Hallituksen jäsen,United Bankers Oyj,"182 603 078,85"
Lars Rohde,Hallituksen jäsen,Nordea Bank Abp,"38 175 846 731,55"
Annika Paasikivi,Hallituksen jäsen,Valmet Oyj,"4 629 847 789,45"
Annareetta Lumme-Timonen,Hallituksen jäsen,Valmet Oyj,"4 629 847 789,45"
Juuso Maijala,Hallituksen jäsen,Lassila & Tikanoja Oyj,"342 982 046,16"
Erkki Järvinen,Hallituksen jäsen,Fodelia Oyj,"40 473 050,00"
Kari Hirvonen,Hallituksen jäsen,Piippo Oyj,"2 262 307,25"
Reima Rytsölä,Hallituksen jäsen,Stora Enso Oyj,"10 079 019 824,28"
Henrik Stenqvist,Hallituksen jäsen,Orion Oyj,"4 581 058 697,45"
Niilo Fredrikson,Hallituksen jäsen,WithSecure Oyj,"184 551 478,47"
Amanda Bedborough,Hallituksen jäsen,WithSecure Oyj,"184 551 478,47"
Jostein Vik,Hallituksen jäsen,LeadDesk Oyj,"42 517 420,24"
Lauri Pukkinen,Hallituksen jäsen,LeadDesk Oyj,"42 517 420,24"
Hanna Hartikainen,Hallituksen jäsen,Aallon Group Oyj,"32 422 484,52"
Kenneth Cederberg,Hallituksen jäsen,Aallon Group Oyj,"32 422 484,52"
Sami Honkonen,Hallituksen jäsen,Fondia Oyj,"27 751 000,68"
Juha Sarsama,Hallituksen jäsen,Fondia Oyj,"27 751 000,68"
Axel Medefelt-Westphalen,Hallituksen jäsen,Heeros Oyj,"17 353 815,84"
Petra Axdorff,Hallituksen jäsen,Oriola Oyj,"194 657 975,95"
Ann Carlsson Meyer,Hallituksen jäsen,Oriola Oyj,"194 657 975,95"
Jussi Siitonen,Hallituksen jäsen,Finnair Oyj,"625 903 613,95"
Veronica Lindholm,Hallituksen jäsen,Kojamo Oyj,"2 464 029 658,03"
Tomi Närhinen,Hallituksen jäsen,Evli Oyj,"516 455 530,50"
Anders Dahlblom,Hallituksen jäsen,YIT Oyj,"413 994 777,75"
Leena Vainiomäki,Hallituksen jäsen,YIT Oyj,"413 994 777,75"
Susan Repo,Hallituksen jäsen,Fiskars Oyj,"1 386 720 000,00"
Tommi Uitto,Hallituksen jäsen,F-Secure Oyj,"327 337 511,21"
Tapani Kiiski,Hallituksen jäsen,Merus Power Oyj,"30 809 212,98"
Elina  Anckar,Hallituksen jäsen,Qt Group Oyj,"1 734 521 369,10"
Timo Ihamuotila,Hallituksen jäsen,Kone Oyj,"22 711 082 394,00"
Hans Petter Hjellestad,Hallituksen jäsen,Caverion Oyj,"1 215 550 805,00"
Kati Ihamäki,Hallituksen jäsen,Meriaura Group Oyj,"39 179 417,72"
Risto Lehtimäki,Hallituksen jäsen,Pallas Air Oyj,"1 668 003,75"
Johanna Lamminen,Hallituksen jäsen,Mandatum,"2 176 794 310,18"
Jannica  Fagerholm,Hallituksen jäsen,Mandatum,"2 176 794 310,18"
Kimmo Laaksonen,Hallituksen jäsen,Mandatum,"2 176 794 310,18"
Markus Aho,Hallituksen jäsen,Mandatum,"2 176 794 310,18"
Jukka Ruuska,Hallituksen jäsen,Mandatum,"2 176 794 310,18"
Christine Roth,Hallituksen jäsen,Faron Pharmaceuticals Oy,"99 226 330,87"
Tuula Rytilä,Hallituksen jäsen,Kempower Oyj,"1 055 315 480,00"
Harri Kairento,Hallituksen jäsen,Eagle Filters Group Oyj,"8 509 290,19"
Lea Paloheimo,Hallituksen jäsen,Biohit Oyj,"31 105 865,65"
Adi Jemini,Hallituksen jäsen,Citycon Oyj,"694 016 725,90"
Kustaa Poutiainen,Hallituksen jäsen,Bioretec Oyj,"55 519 622,34"
Markku E. Rentto,Hallituksen jäsen,Reka Industrial Oyj,"52 926 840,00"
Päivi Marttila,Hallituksen jäsen,Reka Industrial Oyj,"52 926 840,00"
Eeva Raita,Hallituksen jäsen,Reka Industrial Oyj,"52 926 840,00"
Annica Witschard,Hallituksen jäsen,Sampo Oyj,"20 006 636 502,24"
Tuomas Piirtola,Hallituksen jäsen,Puuilo Oyj,"807 924 362,09"
Leena Siirala,Hallituksen jäsen,Administer Oyj,"35 885 360,00"
Milja Saksi,Hallituksen jäsen,Administer Oyj,"35 885 360,00"
Hanna Masala,Hallituksen jäsen,Koskisen Oyj,"162 097 119,36"
Jari Varjotie,Hallituksen jäsen,Meriaura Group Oyj,"39 179 417,72"
Feodor Aminoff,Hallituksen jäsen,Meriaura Group Oyj,"39 179 417,72"
Catherine Calarco,Hallituksen jäsen,Optomed Oyj,"75 150 495,57"
Ty Lee,Hallituksen jäsen,Optomed Oyj,"75 150 495,57"
Sarianne Savola,Hallituksen jäsen,Ilkka Oyj,"84 638 236,34"
Kirsi Sormunen,Hallituksen jäsen,Spinnova Oy,"82 416 864,93"
Juha Murtopuro,Hallituksen jäsen,Loihde Oyj,"83 099 788,10"
Anni Ronkainen,Hallituksen jäsen,Loihde Oyj,"83 099 788,10"
Matti Vikkula,Hallituksen jäsen,Loihde Oyj,"83 099 788,10"
Julio Ramundo,Hallituksen jäsen,Spinnova Oy,"82 416 864,93"
Petri Kalliokoski,Hallituksen jäsen,Spinnova Oy,"82 416 864,93"
Reima Rytsölä,Hallituksen jäsen,Metso Oyj,"9 313 505 363,40"
Niko Pakalén,Hallituksen jäsen,Metso Oyj,"9 313 505 363,40"
Anne Koutonen,Hallituksen jäsen,Modulight Oyj,"38 781 411,76"
Pauline Lindwall,Hallituksen jäsen,Huhtamäki Oyj,"3 855 666 575,30"
Minna Yrjönmäki,Hallituksen jäsen,Scanfil Oyj,"514 327 544,84"
Thomas Dekorsy,Hallituksen jäsen,Scanfil Oyj,"514 327 544,84"
Ulrica Danielsson,Hallituksen jäsen,Viking Line Abp,"388 800 000,00"
Andreas Remmer,Hallituksen jäsen,Viking Line Abp,"388 800 000,00"
Gert Sviberg,Hallituksen jäsen,Viking Line Abp,"388 800 000,00"
Julianna Borsos,Hallituksen jäsen,Incap Oyj,"255 956 575,73"
Pia Hautamäki,Hallituksen jäsen,Tamtron Group Oyj,"36 612 747,52"
Reima Rytsölä,Hallituksen jäsen,Nokian Renkaat Oyj,"1 261 131 646,50"
Markus Korsten,Hallituksen jäsen,Nokian Renkaat Oyj,"1 261 131 646,50"
Anders Berg,Hallituksen jäsen,NYAB Oyj,"333 542 688,34"
Barbro Frisch,Hallituksen jäsen,NYAB Oyj,"333 542 688,34"
Markku Kankaala,Hallituksen jäsen,NYAB Oyj,"333 542 688,34"
Niklas Sörensen,Hallituksen jäsen,Sitowise Group Oyj,"98 934 035,40"
Mats Åström,Hallituksen jäsen,Sitowise Group Oyj,"98 934 035,40"
Sakari Toikkanen,Hallituksen jäsen,Viafin Service Oyj,"59 875 117,50"
Ilkka Laurila,Hallituksen jäsen,Nightingale Health Oyj,"95 641 980,63"
Catharina Stackelberg-Hammarén,Hallituksen jäsen,Harvia Oyj,"742 161 169,20"
Markus Lengauer,Hallituksen jäsen,Harvia Oyj,"742 161 169,20"
Lauri Sipponen,Hallituksen jäsen,Raisio Oyj,"305 390 837,85"
Juha Kalliokoski,Hallituksen jäsen,Kamux Oyj,"214 493 371,20"
Harri Sivula,Hallituksen jäsen,Kamux Oyj,"214 493 371,20"
Antti Tiitola,Hallituksen jäsen,Honkarakenne Oyj,"19 255 398,90"
Sami Honkonen,Hallituksen jäsen,Alisa Pankki Oyj,"17 357 273,76"
Johanna Lamminen,Hallituksen jäsen,Alisa Pankki Oyj,"17 357 273,76"
Eugenie van Wiechen,Hallituksen jäsen,Sanoma Oyj,"1 108 975 195,14"
Florence Rollet,Hallituksen jäsen,Anora Group Oyj,"335 065 975,04"
Johan Hammarén,Hallituksen jäsen,Tecnotree Oyj,"123 914 486,03"
Noora Neilimo-Kontio,Hallituksen jäsen,Boreo Oyj,"62 131 119,00"
Anette Rosengren,Hallituksen jäsen,Orthex Oyj,"111 170 426,04"
Mauri Visuri,Hallituksen jäsen,Sotkamo Silver AB,"39 434 625,11"
Jarno Kukila,Hallituksen jäsen,Rush Factory Oyj,"788 506,53"
Marko Martikainen,Hallituksen jäsen,Rush Factory Oyj,"788 506,53"
Jonas Gustavsson,Hallituksen jäsen,Fortum Oyj,"10 987 003 373,93"
Marita Niemelä,Hallituksen jäsen,Fortum Oyj,"10 987 003 373,93"
Johan Söderström,Hallituksen jäsen,Fortum Oyj,"10 987 003 373,93"
Vesa-Pekka Takala,Hallituksen jäsen,Fortum Oyj,"10 987 003 373,93"
Maria Pajamo,Hallituksen jäsen,Eezy Oyj,"33 938 434,33"
Pia Aaltonen-Forsell,Hallituksen jäsen,UPM-Kymmene Oyj,"17 079 542 368,00"
Terhi Koipijärvi,Hallituksen jäsen,Ponsse Oyj,"632 800 000,00"
Nina Källström,Hallituksen jäsen,Inderes Oyj,"32 847 615,70"
Sarah Eccleston,Hallituksen jäsen,Telia Company AB,"8 953 412 844,22"
Ann Grevelius,Hallituksen jäsen,Aktia Pankki Oyj,"648 620 263,17"
Carl Haglund,Hallituksen jäsen,Aktia Pankki Oyj,"648 620 263,17"
Tomi Ristimäki,Hallituksen jäsen,Etteplan Oyj,"347 770 943,40"
Sonja Sarasvuo,Hallituksen jäsen,Etteplan Oyj,"347 770 943,40"
Timo Ahopelto,Hallituksen jäsen,Nokia Oyj,"18 580 673 630,15"
Elizabeth Crain,Hallituksen jäsen,Nokia Oyj,"18 580 673 630,15"
Kaarina Ståhlberg,Hallituksen jäsen,Aspo Oyj,"183 491 509,36"
Kim Ignatius,Hallituksen jäsen,Pihlajalinna Oyj,"175 079 844,90"
Tiina Kurki,Hallituksen jäsen,Pihlajalinna Oyj,"175 079 844,90"
Leena Niemistö,Hallituksen jäsen,Pihlajalinna Oyj,"175 079 844,90"
Anna Miettinen,Hallituksen jäsen,Enersense International Oyj,"66 299 958,54"
Carl Haglund,Hallituksen jäsen,Enersense International Oyj,"66 299 958,54"
Laura Remes,Hallituksen jäsen,Suominen Oyj,"156 717 299,11"
Pekka Helle,Hallituksen jäsen,Norrhydro Group Oyj,"15 742 288,98"
Tero Ojanperä,Hallituksen jäsen,Betolar Oyj,"21 861 673,43"
Jyrki Mäki-Kala,Hallituksen jäsen,Outokumpu Oyj,"1 743 889 768,02"
Olli Laurén,Hallituksen jäsen,Kempower Oyj,"1 055 315 480,00"
Jaakko Ossa,Hallituksen jäsen,Oma Säästöpankki Oyj,"612 264 360,80"
Robin Bade,Hallituksen jäsen,Verkkokauppa.com Oyj,"104 088 650,94"
Henrik Pankakoski,Hallituksen jäsen,Verkkokauppa.com Oyj,"104 088 650,94"
Kati Riikonen,Hallituksen jäsen,Verkkokauppa.com Oyj,"104 088 650,94"
Steven Lynum,Hallituksen jäsen,Aiforia Technologies Oyj,"95 422 260,72"
Antti Mäkelä,Hallituksen jäsen,Witted Megacorp Oyj,"30 314 177,32"
Charlotta Topelius,Hallituksen jäsen,Witted Megacorp Oyj,"30 314 177,32"
Jarmo Halonen,Hallituksen jäsen,BBS-Bioactive Bone Substitutes Oyj,"9 262 644,00"
Gun Nilsson,Hallituksen jäsen,Konecranes Oyj,"3 899 302 213,32"
Christian Ståhlberg,Hallituksen jäsen,Olvi Oyj,"621 666 960,00"
Alexander Rosenlew,Hallituksen jäsen,Rapala VMC Oyj,"122 850 000,00"
Kirsi Mettälä,Hallituksen jäsen,Netum Group Oyj,"32 221 604,52"
Esko Mertsalmi,Hallituksen jäsen,Solteq Oyj,"13 577 550,70"
Emilia Tauriainen,Hallituksen jäsen,Trainers´ House Oyj,"5 240 695,44"
Heikki Malinen,Hallituksen jäsen,Neste Oyj,"19 784 108 411,76"
Nora Kerppola,Hallituksen jäsen,Enento Group Oyj,"392 615 124,00"
Eero Poukkula,Hallituksen jäsen,LapWall Oyj,"43 576 554,00"
Elina Rahkonen,Hallituksen jäsen,LapWall Oyj,"43 576 554,00"
Päivi Arminen,Hallituksen jäsen,eQ Oyj,"556 533 423,00"
Matti Ahokas,Hallituksen jäsen,SRV Yhtiöt Oyj,"73 703 368,62"
Tapio Kolunsarka,Hallituksen jäsen,Cargotec Oyj,"4 028 083 458,00"
Risto Murto,Hallituksen jäsen,Nordea Bank Abp,"38 175 846 731,55"
Per Strömberg,Hallituksen jäsen,Nordea Bank Abp,"38 175 846 731,55"
Ritva Sotamaa,Hallituksen jäsen,Cargotec Oyj,"4 028 083 458,00"
Raija-Leena Hankonen-Nybom,Hallituksen jäsen,Cargotec Oyj,"4 028 083 458,00"
Juha Vanhainen,Hallituksen jäsen,Metsä Board Oyj,"2 588 610 796,99"
Mikko Mäkimattila,Hallituksen jäsen,Metsä Board Oyj,"2 588 610 796,99"
Bertil Carlsén,Hallituksen jäsen,TietoEVRY Oyj,"2 193 245 278,92"
Elisabetta Castiglion,Hallituksen jäsen,TietoEVRY Oyj,"2 193 245 278,92"
Gustav Moss,Hallituksen jäsen,TietoEVRY Oyj,"2 193 245 278,92"
Petter Söderström,Hallituksen jäsen,TietoEVRY Oyj,"2 193 245 278,92"
Ari Lehtoranta,Hallituksen jäsen,Terveystalo Oyj,"1 002 318 229,59"
Sofia Hasselberg,Hallituksen jäsen,Terveystalo Oyj,"1 002 318 229,59"
Anni Ronkainen,Hallituksen jäsen,Lassila & Tikanoja Oyj,"342 982 046,16"
Henry Nieminen,Hallituksen jäsen,Digia Oyj,"137 873 936,22"
Charlotte Darth,Hallituksen jäsen,Fondia Oyj,"27 751 000,68"
Mikael Staffas,Hallituksen jäsen,Kemira Oyj,"2 699 853 640,66"
Fernanda Lopes Larsen,Hallituksen jäsen,Kemira Oyj,"2 699 853 640,66"
Mikko Bergman,Hallituksen jäsen,Tokmanni Group Oyj,"865 370 654,40"
Roland Neuwald,Hallituksen jäsen,Lindex Group Oyj,"508 873 740,80"
Samu Konttinen,Hallituksen jäsen,LeadDesk Oyj,"42 517 420,24"
Camilla Skoog,Hallituksen jäsen,Admicom Oyj,"213 528 558,00"
Tomi Lod,Hallituksen jäsen,Admicom Oyj,"213 528 558,00"
Yrjö Närhinen,Hallituksen jäsen,Oriola Oyj,"194 657 975,95"
Ellinor Persdotter Nilsson,Hallituksen jäsen,Oriola Oyj,"194 657 975,95"
Paavo Pakkanen,Hallituksen jäsen,Heeros Oyj,"17 353 815,84"
Sonja London,Hallituksen jäsen,Kesla Oyj,"13 803 231,60"
Astrid Hermann,Hallituksen jäsen,Stora Enso Oyj,"10 079 019 824,28"
Annica Ånas,Hallituksen jäsen,Kojamo Oyj,"2 464 029 658,03"
Andreas Segal,Hallituksen jäsen,Kojamo Oyj,"2 464 029 658,03"
Erik Tahkola,Hallituksen jäsen,Talenom Oyj,"243 656 574,48"
Eeva Raita,Hallituksen jäsen,Titanium Oyj,"106 303 037,00"
Lasse Aho,Hallituksen jäsen,Robit Oyj,"36 005 830,00"
Harri Sjöholm,Hallituksen jäsen,Robit Oyj,"36 005 830,00"
Marika Auramo,Hallituksen jäsen,Qt Group Oyj,"1 734 521 369,10"
Matti Heikkonen,Hallituksen jäsen,Qt Group Oyj,"1 734 521 369,10"
Christina Dahlblom,Hallituksen jäsen,Evli Oyj,"516 455 530,50"
Mika Vehviläinen,Hallituksen jäsen,Wärtsilä Oyj Abp,"9 008 988 612,75"
Mikko Wirén,Hallituksen jäsen,Pihlajalinna Oyj,"175 079 844,90"
Marika Fredriksson,Hallituksen jäsen,Kone Oyj,"22 711 082 394,00"
Lars Eric Gustafsson,Hallituksen jäsen,Fifax Abp,"14 056 706,60"
Timo Metsola,Hallituksen jäsen,Asuntosalkku Oyj,"72 021 216,00"
Satu Mehtälä,Hallituksen jäsen,Wetteri Oyj,"72 131 641,16"
Hannu Pärssinen,Hallituksen jäsen,Wetteri Oyj,"72 131 641,16"
Martti  Haapala,Hallituksen jäsen,Wetteri Oyj,"72 131 641,16"
Mikael Malmsten,Hallituksen jäsen,Wetteri Oyj,"72 131 641,16"
Aarne Simula,Hallituksen jäsen,Wetteri Oyj,"72 131 641,16"
Ville Jussila,Hallituksen jäsen,Meriaura Group Oyj,"39 179 417,72"
Lars-Eric Aaro,Hallituksen jäsen,NYAB Oyj,"333 542 688,34"
Timo Soininen,Hallituksen jäsen,Nightingale Health Oyj,"95 641 980,63"
Markus Huttunen,Hallituksen jäsen,Witted Megacorp Oyj,"30 314 177,32"
Sami Laine,Hallituksen jäsen,YIT Oyj,"413 994 777,75"
Sebastian Steuer,Hallituksen jäsen,Pallas Air Oyj,"1 668 003,75"
Matti Kaski,Hallituksen jäsen,EcoUp Oyj,"16 494 870,60"
Harri Sundvik,Hallituksen jäsen,Spinnova Oy,"82 416 864,93"
Arto Martonen,Hallituksen jäsen,Vincit Oyj,"45 263 279,13"
Jarkko Joki-Tokola,Hallituksen jäsen,Eagle Filters Group Oyj,"8 509 290,19"
Markku Hämäläinen,Hallituksen jäsen,Eagle Filters Group Oyj,"8 509 290,19"
Pauli Anttila,Hallituksen jäsen,Konecranes Oyj,"3 899 302 213,32"
Kalle Härkönen,Hallituksen jäsen,Biohit Oyj,"31 105 865,65"
Jukka Jokela,Hallituksen jäsen,Endomines Finland Oyj,"72 093 695,04"
Steve Langan,Hallituksen jäsen,Sampo Oyj,"20 006 636 502,24"
Minna Vanhala-Harmanen,Hallituksen jäsen,Administer Oyj,"35 885 360,00"
Bent Holm,Hallituksen jäsen,Puuilo Oyj,"807 924 362,09"
Harri Sivula,Hallituksen jäsen,KH Group Oyj,"46 114 642,63"
Christer Kjos,Hallituksen jäsen,Anora Group Oyj,"335 065 975,04"
Annareetta Lumme-Timonen,Hallituksen jäsen,Anora Group Oyj,"335 065 975,04"
Timo Mänty,Hallituksen jäsen,KH Group Oyj,"46 114 642,63"
Mika Joukio,Hallituksen jäsen,Atria Oyj,"291 157 598,40"
Sonja Ängeslevä,Hallituksen jäsen,Remedy Entertainment Oyj,"225 787 165,66"
Markus Sjöholm,Hallituksen jäsen,Saga Furs Oyj,"38 520 000,00"
Susanne Hahn,Hallituksen jäsen,Nokian Renkaat Oyj,"1 261 131 646,50"
Ahti Paananen,Hallituksen jäsen,BBS-Bioactive Bone Substitutes Oyj,"9 262 644,00"
Ilkka Herlin,Hallituksen jäsen,Cargotec Oyj,"4 028 083 458,00"
Mercedes Alonso,Hallituksen jäsen,Huhtamäki Oyj,"3 855 666 575,30"
Kai Seikku,Hallituksen jäsen,NoHo Partners Oyj,"166 817 137,10"
Jukka Jokela,Hallituksen jäsen,Sotkamo Silver AB,"39 434 625,11"
Niko Haavisto,Hallituksen jäsen,Tulikivi Oyj,"27 480 900,54"
Andreas Rosenlew,Hallituksen jäsen,Digitalist Group Oyj,"5 686 129,73"
Brian Beamish,Hallituksen jäsen,Metso Oyj,"9 313 505 363,40"
Terhi Koipijärvi,Hallituksen jäsen,Metso Oyj,"9 313 505 363,40"
Erja Sankari,Hallituksen jäsen,Partnera Oyj,"21 693 140,28"
Kaisa Salakka,Hallituksen jäsen,Remedy Entertainment Oyj,"225 787 165,66"
Anders Borg,Hallituksen jäsen,Relais Group Oyj,"209 428 157,40"
Lars Wilsby,Hallituksen jäsen,Relais Group Oyj,"209 428 157,40"
Heli Iisakka,Hallituksen jäsen,Pihlajalinna Oyj,"175 079 844,90"
Päivi Malinen,Hallituksen jäsen,Bioretec Oyj,"55 519 622,34"
Pekka Ollikainen,Hallituksen jäsen,Ovaro Kiinteistösijoitus Oyj,"32 336 000,00"
Marianne Vikkula,Hallituksen jäsen,Marimekko Oyj,"493 480 923,80"
Teemu Kangas-Kärki,Hallituksen jäsen,Marimekko Oyj,"493 480 923,80"
Emma Tahkola,Hallituksen jäsen,Fodelia Oyj,"40 473 050,00"
Timo Ahopelto,Hallituksen jäsen,Digital Workforce Services Oyj,"35 144 703,36"
Mikko Wirén,Hallituksen jäsen,Eezy Oyj,"33 938 434,33"
Riad Sherif,Hallituksen jäsen,Revenio Group Oyj,"657 956 320,56"
Toni Lahti,Hallituksen jäsen,Springvest Oyj,"27 856 445,00"
Tuomas Lehtimäki,Hallituksen jäsen,Springvest Oyj,"27 856 445,00"
Carola Lemne,Hallituksen jäsen,Terveystalo Oyj,"1 002 318 229,59"
Matts Rosenberg,Hallituksen jäsen,Terveystalo Oyj,"1 002 318 229,59"
Ilpo Marjamaa,Hallituksen jäsen,Ponsse Oyj,"632 800 000,00"
Hannes Ametsreiter,Hallituksen jäsen,Telia Company AB,"8 953 412 844,22"
Tomas Eliasson,Hallituksen jäsen,Telia Company AB,"8 953 412 844,22"
Katariina Kravi,Hallituksen jäsen,Elisa Oyj,"7 151 901 020,02"
Pia Kåll,Hallituksen jäsen,Elisa Oyj,"7 151 901 020,02"
Bernard Fontana,Hallituksen jäsen,SSAB Ab,"5 648 129 947,77"
Mikael Mäkinen,Hallituksen jäsen,SSAB Ab,"5 648 129 947,77"
Sari Pohjonen,Hallituksen jäsen,Aktia Pankki Oyj,"648 620 263,17"
Tapio Kolunsarka,Hallituksen jäsen,Aspo Oyj,"183 491 509,36"
Jyrki Mäki-Kala,Hallituksen jäsen,Orthex Oyj,"111 170 426,04"
Markus Hellström,Hallituksen jäsen,Orthex Oyj,"111 170 426,04"
Lisa Hook,Hallituksen jäsen,Nokia Oyj,"18 580 673 630,15"
Kai Öistämö,Hallituksen jäsen,Nokia Oyj,"18 580 673 630,15"
Thomas Saueressig,Hallituksen jäsen,Nokia Oyj,"18 580 673 630,15"
Tom Lojander,Hallituksen jäsen,Titanium Oyj,"106 303 037,00"
Maria Fe Paz de Paz,Hallituksen jäsen,Aiforia Technologies Oyj,"95 422 260,72"
Jerry Jiang Hong,Hallituksen jäsen,Aiforia Technologies Oyj,"95 422 260,72"
Juhani Pitkäkoski,Hallituksen jäsen,Consti Oyj,"79 150 082,88"
Fredrik Hacklin,Hallituksen jäsen,Evli Oyj,"516 455 530,50"
Sari Helander,Hallituksen jäsen,Evli Oyj,"516 455 530,50"
Antti Kuljukka,Hallituksen jäsen,Evli Oyj,"516 455 530,50"
Lea Keinänen,Hallituksen jäsen,Alisa Pankki Oyj,"17 357 273,76"
Jorma Pirinen,Hallituksen jäsen,Alisa Pankki Oyj,"17 357 273,76"
Tero Weckroth,Hallituksen jäsen,Alisa Pankki Oyj,"17 357 273,76"
Anu Hämäläinen,Hallituksen jäsen,Valmet Oyj,"4 629 847 789,45"
Jaakko Eskola,Hallituksen jäsen,Valmet Oyj,"4 629 847 789,45"
Petter Söderström,Hallituksen jäsen,Outokumpu Oyj,"1 743 889 768,02"
Jaana Heikkinen,Hallituksen jäsen,Alexandria Group Oyj,"78 152 775,00"
Sari Kola,Hallituksen jäsen,Alexandria Group Oyj,"78 152 775,00"
Ari Piik,Hallituksen jäsen,Raute Oyj,"63 675 861,60"
Eeva Sipilä,Hallituksen jäsen,Neste Oyj,"19 784 108 411,76"
Just Jansz,Hallituksen jäsen,Neste Oyj,"19 784 108 411,76"
Mirel Leino-Haltia,Hallituksen jäsen,Ålandsbanken Abp,"521 795 600,10"
Marion Björkstén,Hallituksen jäsen,Detection Technology Oyj,"196 389 462,00"
Sanna Outa-Ollila,Hallituksen jäsen,Dovre Group Oyj,"33 376 295,61"
Topi Manner,Hallituksen jäsen,UPM-Kymmene Oyj,"17 079 542 368,00"
Kaisa Salakka,Hallituksen jäsen,Alma Media Oyj,"774 401 910,80"
Eero Broman,Hallituksen jäsen,Alma Media Oyj,"774 401 910,80"
Heikki Herlin,Hallituksen jäsen,Alma Media Oyj,"774 401 910,80"
Petra Thorén,Hallituksen jäsen,Kreate Group Oyj,"69 542 135,28"
Marja-Liisa Niinikoski,Hallituksen jäsen,Netum Group Oyj,"32 221 604,52"
Ralf Christian,Hallituksen jäsen,Fortum Oyj,"10 987 003 373,93"
Catharina Candolin,Hallituksen jäsen,SSH Communications Security Oyj,"52 036 614,53"
Heikki Länsisyrjä,Hallituksen jäsen,PunaMusta Media Oyj,"29 290 622,40"
Ilkka Hietala,Hallituksen jäsen,PunaMusta Media Oyj,"29 290 622,40"
Lene Skole,Hallituksen jäsen,Nordea Bank Abp,"38 175 846 731,55"
Kjersti Wiklund,Hallituksen jäsen,Nordea Bank Abp,"38 175 846 731,55"
Annika Paasikivi,Hallituksen jäsen,Kemira Oyj,"2 699 853 640,66"
Tina Sejersgård Fanø,Hallituksen jäsen,Kemira Oyj,"2 699 853 640,66"
Mari Kiviniemi,Hallituksen jäsen,Metsä Board Oyj,"2 588 610 796,99"
Simon Large,Hallituksen jäsen,Finnair Oyj,"625 903 613,95"
Aaron Barsness,Hallituksen jäsen,Suominen Oyj,"156 717 299,11"
Anni Sarvaranta,Hallituksen jäsen,Solteq Oyj,"13 577 550,70"
Mika Sutinen,Hallituksen jäsen,Solteq Oyj,"13 577 550,70"
Maziar Mike Doustdar,Hallituksen jäsen,Orion Oyj,"4 581 058 697,45"
Karen Lykke Sørensen,Hallituksen jäsen,Orion Oyj,"4 581 058 697,45"
Timo Karppinen,Hallituksen jäsen,Lindex Group Oyj,"508 873 740,80"
Rasmus Finnilä,Hallituksen jäsen,United Bankers Oyj,"182 603 078,85"
Frank Korsström,Hallituksen jäsen,Vincit Oyj,"45 263 279,13"
Eeva-Liisa Virkkunen,Hallituksen jäsen,Robit Oyj,"36 005 830,00"
Sari Leppänen,Hallituksen jäsen,Digia Oyj,"137 873 936,22"
Anni Ronkainen,Hallituksen jäsen,Aallon Group Oyj,"32 422 484,52"
Kerttu Tuomas,Hallituksen jäsen,YIT Oyj,"413 994 777,75"
Casimir Lindholm,Hallituksen jäsen,YIT Oyj,"413 994 777,75"
Johan Larsson,Hallituksen jäsen,NYAB Oyj,"333 542 688,34"
Johan K Nilsson,Hallituksen jäsen,NYAB Oyj,"333 542 688,34"
Tapio Lehti,Hallituksen jäsen,Norrhydro Group Oyj,"15 742 288,98"
Hanna Mattila,Hallituksen jäsen,Martela Oyj,"5 716 868,75"
Kari Tuomo Olavi Kauniskangas,Hallituksen jäsen,Kojamo Oyj,"2 464 029 658,03"
Volker Lixfeld,Hallituksen jäsen,Fiskars Oyj,"1 386 720 000,00"
Julia Goldin,Hallituksen jäsen,Fiskars Oyj,"1 386 720 000,00"
Carl-Martin Lindahl,Hallituksen jäsen,Fiskars Oyj,"1 386 720 000,00"
Kirsi Sormunen,Hallituksen jäsen,WithSecure Oyj,"184 551 478,47"
Mikko Välimäki,Hallituksen jäsen,Qt Group Oyj,"1 734 521 369,10"
Nina Mähönen,Hallituksen jäsen,Oriola Oyj,"194 657 975,95"
Petri Saavalainen,Hallituksen jäsen,Kesla Oyj,"13 803 231,60"
Morten H. Engelstoft,Hallituksen jäsen,Wärtsilä Oyj Abp,"9 008 988 612,75"
Krishna Mikkilineni,Hallituksen jäsen,Kone Oyj,"22 711 082 394,00"
Henna Mäkinen,Hallituksen jäsen,Admicom Oyj,"213 528 558,00"
Marko Somerma,Hallituksen jäsen,Admicom Oyj,"213 528 558,00"
Arja Talma,Hallituksen jäsen,Nordea Bank Abp,"38 175 846 731,55"
Johan Dettel,Hallituksen jäsen,Musti Group Oyj,"788 083 145,50"
Risto Siilasmaa,Hallituksen jäsen,F-Secure Oyj,"327 337 511,21"
Thomas Jul,Hallituksen jäsen,F-Secure Oyj,"327 337 511,21"
Petra Teräsaho,Hallituksen jäsen,F-Secure Oyj,"327 337 511,21"
Alexander Ehrnrooth,Hallituksen jäsen,Purmo Group Oyj,"302 159 744,40"
Matts Rosenberg,Hallituksen jäsen,Purmo Group Oyj,"302 159 744,40"
Catharina Stackelberg-Hammarén,Hallituksen jäsen,Purmo Group Oyj,"302 159 744,40"
Jyri Luomakoski,Hallituksen jäsen,Purmo Group Oyj,"302 159 744,40"
Carlo Grossi,Hallituksen jäsen,Purmo Group Oyj,"302 159 744,40"
Carina Edblad,Hallituksen jäsen,Purmo Group Oyj,"302 159 744,40"
Nina Ehrnrooth,Hallituksen jäsen,Lamor Corporation Oyj,"60 505 332,80"
Kaisa Lipponen,Hallituksen jäsen,Lamor Corporation Oyj,"60 505 332,80"
Jeanne Thoma,Hallituksen jäsen,Nanoform Finland Oyj,"199 250 716,56"
Maija Strandberg,Hallituksen jäsen,SSAB Ab,"5 648 129 947,77"
Pia Kantola,Hallituksen jäsen,Modulight Oyj,"38 781 411,76"
Timur Kärki,Hallituksen jäsen,Modulight Oyj,"38 781 411,76"
Kirsten Agidius (Ægidius),Hallituksen jäsen,Anora Group Oyj,"335 065 975,04"
Anu Ora,Hallituksen jäsen,Duell Oyj,"34 895 149,50"
Caterina Fake,Hallituksen jäsen,Lifeline SPAC I Oyj,"121 880 000,00"
Petteri Koponen,Hallituksen jäsen,Lifeline SPAC I Oyj,"121 880 000,00"
Irena Goldenberg,Hallituksen jäsen,Lifeline SPAC I Oyj,"121 880 000,00"
Alain-Gabriel Courtines,Hallituksen jäsen,Lifeline SPAC I Oyj,"121 880 000,00"
Kati Sulin,Hallituksen jäsen,Apetit Oyj,"87 182 548,80"
Risto Koivula,Hallituksen jäsen,Administer Oyj,"35 885 360,00"
F. Scott Ball,Hallituksen jäsen,Citycon Oyj,"694 016 725,90"
Ljudmila Popova,Hallituksen jäsen,Citycon Oyj,"694 016 725,90"
Jens-Peter Poulsen,Hallituksen jäsen,Orthex Oyj,"111 170 426,04"
Jari Suominen,Hallituksen jäsen,NYAB Oyj,"333 542 688,34"
Osmo Suovaniemi,Hallituksen jäsen,Biohit Oyj,"31 105 865,65"
Anne Koutonen,Hallituksen jäsen,Merus Power Oyj,"30 809 212,98"
Jani Nokkanen,Hallituksen jäsen,Lehto Group Oyj,"2 777 393,24"
Christina Dahlblom,Hallituksen jäsen,Viking Line Abp,"388 800 000,00"
Eeva Ruokonen,Hallituksen jäsen,Endomines Finland Oyj,"72 093 695,04"
Markus Ekberg,Hallituksen jäsen,Endomines Finland Oyj,"72 093 695,04"
Markus Rauramo,Hallituksen jäsen,Sampo Oyj,"20 006 636 502,24"
Jussi Aine,Hallituksen jäsen,Kreate Group Oyj,"69 542 135,28"
Timo Pekkarinen,Hallituksen jäsen,Kreate Group Oyj,"69 542 135,28"
Leena Laitinen,Hallituksen jäsen,Atria Oyj,"291 157 598,40"
Timo Hildén,Hallituksen jäsen,Nexstim Oyj,"15 357 825,74"
Tero Weckroth,Hallituksen jäsen,Nexstim Oyj,"15 357 825,74"
Luisa Delgado,Hallituksen jäsen,Fortum Oyj,"10 987 003 373,93"
Tarmo Tuominen,Hallituksen jäsen,Tulikivi Oyj,"27 480 900,54"
Kirk Adriano,Hallituksen jäsen,BBS-Bioactive Bone Substitutes Oyj,"9 262 644,00"
Kimmo Luukkonen,Hallituksen jäsen,Sotkamo Silver AB,"39 434 625,11"
Vesa Lipsanen,Hallituksen jäsen,Investors House Oyj,"35 778 937,60"
Jaana Viertola-Truini ,Hallituksen jäsen,Kamux Oyj,"214 493 371,20"
Johan Almquist,Hallituksen jäsen,Digitalist Group Oyj,"5 686 129,73"
Arto Halonen,Hallituksen jäsen,Honkarakenne Oyj,"19 255 398,90"
Maria Ristola,Hallituksen jäsen,Honkarakenne Oyj,"19 255 398,90"
Hilde Furberg,Hallituksen jäsen,Herantis Pharma Oyj,"28 930 651,86"
Carol Chen,Hallituksen jäsen,Marimekko Oyj,"493 480 923,80"
Tomoki Takebayashi,Hallituksen jäsen,Marimekko Oyj,"493 480 923,80"
Petri Toljamo,Hallituksen jäsen,Bittium Oyj,"216 355 719,84"
Antti Piippo,Hallituksen jäsen,Piippo Oyj,"2 262 307,25"
Anna Herlin,Hallituksen jäsen,Sanoma Oyj,"1 108 975 195,14"
Arja Talma,Hallituksen jäsen,Glaston Oyj,"71 815 004,17"
Jukka Huuskonen,Hallituksen jäsen,Aspocomp Group Oyj,"21 413 707,20"
Anssi Korhonen,Hallituksen jäsen,Aspocomp Group Oyj,"21 413 707,20"
Luisa Delgado,Hallituksen jäsen,Telia Company AB,"8 953 412 844,22"
Timo Ritakallio,Hallituksen jäsen,Kesko Oyj,"6 646 408 664,14"
Jussi Perälä,Hallituksen jäsen,Kesko Oyj,"6 646 408 664,14"
Erja Sankari,Hallituksen jäsen,Nurminen Logistics Oyj,"96 878 540,20"
Karri Koskela,Hallituksen jäsen,Nurminen Logistics Oyj,"96 878 540,20"
Olli Pohjanvirta,Hallituksen jäsen,Nurminen Logistics Oyj,"96 878 540,20"
Maher Chebbo,Hallituksen jäsen,Elisa Oyj,"7 151 901 020,02"
Hille Korhonen,Hallituksen jäsen,Harvia Oyj,"742 161 169,20"
Anders Holmen,Hallituksen jäsen,Harvia Oyj,"742 161 169,20"
Patricia Allam,Hallituksen jäsen,Aspo Oyj,"183 491 509,36"
Harriet Williams,Hallituksen jäsen,Lindex Group Oyj,"508 873 740,80"
Sarah van Hellenberg Hubar-Fisher,Hallituksen jäsen,Bioretec Oyj,"55 519 622,34"
Päivi Luostarinen,Hallituksen jäsen,Outokumpu Oyj,"1 743 889 768,02"
Heinz Jörg Fuhrmann,Hallituksen jäsen,Outokumpu Oyj,"1 743 889 768,02"
Juho Nummela,Hallituksen jäsen,Olvi Oyj,"621 666 960,00"
Georg Ehrnrooth,Hallituksen jäsen,eQ Oyj,"556 533 423,00"
Aarne Aktan,Hallituksen jäsen,Trainers´ House Oyj,"5 240 695,44"
John Abbott,Hallituksen jäsen,Neste Oyj,"19 784 108 411,76"
Jari Gustafsson,Hallituksen jäsen,UPM-Kymmene Oyj,"17 079 542 368,00"
Cristopher Ostrander,Hallituksen jäsen,Nokian Renkaat Oyj,"1 261 131 646,50"
Jouko Pölönen,Hallituksen jäsen,Nokian Renkaat Oyj,"1 261 131 646,50"
Raimo Voipio,Hallituksen jäsen,Vaisala Oyj,"1 216 986 715,20"
Emma Storbacka,Hallituksen jäsen,LeadDesk Oyj,"42 517 420,24"
Erik Forsberg,Hallituksen jäsen,Enento Group Oyj,"392 615 124,00"
Heli Iisakka,Hallituksen jäsen,SRV Yhtiöt Oyj,"73 703 368,62"
Piia-Noora Kauppi,Hallituksen jäsen,Gofore Oyj,"357 834 176,15"
Matti Heikkonen,Hallituksen jäsen,QPR Software Oyj,"11 014 166,35"
Raija-Leena  Hankonen-Nybom,Hallituksen jäsen,Metsä Board Oyj,"2 588 610 796,99"
Eija Hyrsky,Hallituksen jäsen,Metsä Board Oyj,"2 588 610 796,99"
Kristian Pullola,Hallituksen jäsen,Terveystalo Oyj,"1 002 318 229,59"
Mirel Leino-Haltia,Hallituksen jäsen,Sitowise Group Oyj,"98 934 035,40"
Jesse Maula,Hallituksen jäsen,Siili Solutions Oyj,"75 867 251,16"
Christian Fredrikson,Hallituksen jäsen,SSH Communications Security Oyj,"52 036 614,53"
Reetta Laakkonen,Hallituksen jäsen,PunaMusta Media Oyj,"29 290 622,40"
Jukka Tapaninen,Hallituksen jäsen,QPR Software Oyj,"11 014 166,35"
Antti Koskela,Hallituksen jäsen,QPR Software Oyj,"11 014 166,35"
Kristian Pullola,Hallituksen jäsen,Kemira Oyj,"2 699 853 640,66"
Per Lindberg,Hallituksen jäsen,Valmet Oyj,"4 629 847 789,45"
Mervi Airaksinen,Hallituksen jäsen,Vincit Oyj,"45 263 279,13"
Helena Hedblom,Hallituksen jäsen,Stora Enso Oyj,"10 079 019 824,28"
Sirpa-Helena Sormunen,Hallituksen jäsen,Enersense International Oyj,"66 299 958,54"
Katariina Lindholm,Hallituksen jäsen,Fondia Oyj,"27 751 000,68"
Hannele Jakosuo-Jansson,Hallituksen jäsen,Finnair Oyj,"625 903 613,95"
Johan Bygge,Hallituksen jäsen,CapMan Oyj,"334 685 992,61"
Veli-Matti Kärkkäinen,Hallituksen jäsen,Kesla Oyj,"13 803 231,60"
Tommi Juusela,Hallituksen jäsen,Panostaja Oyj,"20 906 579,12"
Tiina Tuomela,Hallituksen jäsen,Wärtsilä Oyj Abp,"9 008 988 612,75"
Elina Tourunen,Hallituksen jäsen,Talenom Oyj,"243 656 574,48"
Olli Nokso-Koivisto,Hallituksen jäsen,Admicom Oyj,"213 528 558,00"
Kaj Hagros,Hallituksen jäsen,Loihde Oyj,"83 099 788,10"
Matti Piri,Hallituksen jäsen,Loihde Oyj,"83 099 788,10"
Stefan Wikman,Hallituksen jäsen,Loihde Oyj,"83 099 788,10"
Eriikka Söderström,Hallituksen jäsen,Kempower Oyj,"1 055 315 480,00"
Mammu Kaario,Hallituksen jäsen,Puuilo Oyj,"807 924 362,09"
Saila Miettinen-Lähde,Hallituksen jäsen,Lemonsoft Oyj,"109 250 347,08"
Ilkka Hiidenheimo,Hallituksen jäsen,Lemonsoft Oyj,"109 250 347,08"
Jussi Karjula,Hallituksen jäsen,LapWall Oyj,"43 576 554,00"
Timo Pekkarinen,Hallituksen jäsen,LapWall Oyj,"43 576 554,00"
Teemu Kokko,Hallituksen jäsen,Pohjanmaan Arvo Sijoitusosuuskunta,"41 142 786,30"
Juha Laakkonen,Hallituksen jäsen,Pohjanmaan Arvo Sijoitusosuuskunta,"41 142 786,30"
Seppo Orsila,Hallituksen jäsen,Modulight Oyj,"38 781 411,76"
Marika Auramo,Hallituksen jäsen,Digital Workforce Services Oyj,"35 144 703,36"
Niko Mokkila,Hallituksen jäsen,Duell Oyj,"34 895 149,50"
Kalle Härkki,Hallituksen jäsen,Betolar Oyj,"21 861 673,43"
Soile Kankaanpää,Hallituksen jäsen,Betolar Oyj,"21 861 673,43"
Seppo Nevalainen,Hallituksen jäsen,BBS-Bioactive Bone Substitutes Oyj,"9 262 644,00"
Antti Korpiniemi,Hallituksen jäsen,Apetit Oyj,"87 182 548,80"
Elma Palsila,Hallituksen jäsen,Trainers´ House Oyj,"5 240 695,44"
Tero Ojanperä,Hallituksen jäsen,Siili Solutions Oyj,"75 867 251,16"
Veli-Pekka Paloranta,Hallituksen jäsen,Bittium Oyj,"216 355 719,84"
Minna Parhiala,Hallituksen jäsen,Enento Group Oyj,"392 615 124,00"
Jukka Moisio,Hallituksen jäsen,Metsä Board Oyj,"2 588 610 796,99"
Anna Tenstam,Hallituksen jäsen,Optomed Oyj,"75 150 495,57"
Raimo Mäkilä,Hallituksen jäsen,Ilkka Oyj,"84 638 236,34"
Aki Pyysing,Hallituksen jäsen,Ovaro Kiinteistösijoitus Oyj,"32 336 000,00"
Bill Östman,Hallituksen jäsen,Revenio Group Oyj,"657 956 320,56"
Håkan  Buskhe,Hallituksen jäsen,Stora Enso Oyj,"10 079 019 824,28"
Jyrki Mäki-Kala,Hallituksen jäsen,Anora Group Oyj,"335 065 975,04"
Olli(-Pekka) Piippo,Hallituksen jäsen,Piippo Oyj,"2 262 307,25"
Antti Jääskeläinen,Hallituksen jäsen,Vaisala Oyj,"1 216 986 715,20"
Georg Ehrnrooth,Hallituksen jäsen,Sampo Oyj,"20 006 636 502,24"
Jonas Synnegren,Hallituksen jäsen,Nordea Bank Abp,"38 175 846 731,55"
Michael Willome,Hallituksen jäsen,Glaston Oyj,"71 815 004,17"
Tuomas Honkamäki,Hallituksen jäsen,Valoe Oyj,"2 885 999,38"
Thomas Dannenfeldt,Hallituksen jäsen,Nokia Oyj,"18 580 673 630,15"
Nick  Elmslie,Hallituksen jäsen,Neste Oyj,"19 784 108 411,76"
Johanna  Söderström,Hallituksen jäsen,Neste Oyj,"19 784 108 411,76"
Petri Castrén,Hallituksen jäsen,Taaleri Oyj,"244 949 356,80"
Stefan Lundqvist,Hallituksen jäsen,Viking Line Abp,"388 800 000,00"
Ulla Serlenius,Hallituksen jäsen,Tokmanni Group Oyj,"865 370 654,40"
Kari Jussi Aho,Hallituksen jäsen,Orion Oyj,"4 581 058 697,45"
Werner Fuhrmann,Hallituksen jäsen,Kemira Oyj,"2 699 853 640,66"
Katharina Mosheim,Hallituksen jäsen,TietoEVRY Oyj,"2 193 245 278,92"
Mammu Kaario,Hallituksen jäsen,Gofore Oyj,"357 834 176,15"
Jukka Kaikkonen,Hallituksen jäsen,Atria Oyj,"291 157 598,40"
Markku Lampela,Hallituksen jäsen,Fodelia Oyj,"40 473 050,00"
Teppo Paavola,Hallituksen jäsen,Fortum Oyj,"10 987 003 373,93"
Juha Räisänen,Hallituksen jäsen,Scanfil Oyj,"514 327 544,84"
Lauri Sipponen,Hallituksen jäsen,Wulff-Yhtiöt Oyj,"18 995 977,00"
Mirel Leino-Haltia,Hallituksen jäsen,Teleste Oyj,"52 590 078,76"
Antti Mäkelä,Hallituksen jäsen,Kamux Oyj,"214 493 371,20"
Ilkka Tykkyläinen,Hallituksen jäsen,Viafin Service Oyj,"59 875 117,50"
Kaisa Kokkonen,Hallituksen jäsen,Incap Oyj,"255 956 575,73"
Harri  Lauslahti,Hallituksen jäsen,Aktia Pankki Oyj,"648 620 263,17"
Richard Ingram,Hallituksen jäsen,Detection Technology Oyj,"196 389 462,00"
Camilla Grönholm,Hallituksen jäsen,Boreo Oyj,"62 131 119,00"
Jouni Grönroos,Hallituksen jäsen,Boreo Oyj,"62 131 119,00"
Tomas Hedenborg,Hallituksen jäsen,Componenta Oyj,"23 699 127,08"
Johan Westermarck,Hallituksen jäsen,Consti Oyj,"79 150 082,88"
Petri Suokas,Hallituksen jäsen,Enersense International Oyj,"66 299 958,54"
Ingrid  Bonde,Hallituksen jäsen,Telia Company AB,"8 953 412 844,22"
Jeanette Jäger,Hallituksen jäsen,Telia Company AB,"8 953 412 844,22"
Eva-Lotta  Sjöstedt,Hallituksen jäsen,Elisa Oyj,"7 151 901 020,02"
Päivi Lindqvist,Hallituksen jäsen,Etteplan Oyj,"347 770 943,40"
Sixten Sunabacka,Hallituksen jäsen,Sotkamo Silver AB,"39 434 625,11"
Martin à Porta,Hallituksen jäsen,UPM-Kymmene Oyj,"17 079 542 368,00"
Eero Suomela,Hallituksen jäsen,United Bankers Oyj,"182 603 078,85"
Heikki Nikku,Hallituksen jäsen,Innofactor Oyj,"46 883 361,39"
Vesa Luhtanen,Hallituksen jäsen,Rapala VMC Oyj,"122 850 000,00"
Hannu Leinonen,Hallituksen jäsen,SRV Yhtiöt Oyj,"73 703 368,62"
Julian Drinkall,Hallituksen jäsen,Sanoma Oyj,"1 108 975 195,14"
Rolf Grisebach,Hallituksen jäsen,Sanoma Oyj,"1 108 975 195,14"
Juho Nikkola,Hallituksen jäsen,Heeros Oyj,"17 353 815,84"
Kirsi Sormunen,Hallituksen jäsen,Exel Composites Oyj,"24 864 401,87"
Björn Borgman,Hallituksen jäsen,Suominen Oyj,"156 717 299,11"
Nina Linander,Hallituksen jäsen,Suominen Oyj,"156 717 299,11"
Pasi Tolppanen,Hallituksen jäsen,Lassila & Tikanoja Oyj,"342 982 046,16"
Johan Hammarén,Hallituksen jäsen,CapMan Oyj,"334 685 992,61"
Karen Bomba,Hallituksen jäsen,Wärtsilä Oyj Abp,"9 008 988 612,75"
Mats Rahmström,Hallituksen jäsen,Wärtsilä Oyj Abp,"9 008 988 612,75"
Ralf Holmlund,Hallituksen jäsen,Boreo Oyj,"62 131 119,00"
Kai Tavakka,Hallituksen jäsen,SSH Communications Security Oyj,"52 036 614,53"
Susan Duinhoven,Hallituksen jäsen,Kone Oyj,"22 711 082 394,00"
Sampsa Laine,Hallituksen jäsen,Talenom Oyj,"243 656 574,48"
Arja Talma,Hallituksen jäsen,Metso Oyj,"9 313 505 363,40"
Emanuela Speranza,Hallituksen jäsen,Metso Oyj,"9 313 505 363,40"
Elina Rahkonen,Hallituksen jäsen,Kreate Group Oyj,"69 542 135,28"
Timo Rantanen,Hallituksen jäsen,Lamor Corporation Oyj,"60 505 332,80"
Petri  Kärkkäinen,Hallituksen jäsen,Toivo Group Oyj,"57 134 609,58"
Harri Tahkola,Hallituksen jäsen,Toivo Group Oyj,"57 134 609,58"
Inka Mero,Hallituksen jäsen,Betolar Oyj,"21 861 673,43"
Mirja  Illikainen,Hallituksen jäsen,Partnera Oyj,"21 693 140,28"
Martin Forss,Hallituksen jäsen,Nexstim Oyj,"15 357 825,74"
Petteri Walldén,Hallituksen jäsen,Componenta Oyj,"23 699 127,08"
Katri Nygård,Hallituksen jäsen,Relais Group Oyj,"209 428 157,40"
Jeremy  Read,Hallituksen jäsen,Endomines Finland Oyj,"72 093 695,04"
Søren Skou,Hallituksen jäsen,Nokia Oyj,"18 580 673 630,15"
Anders Fornander,Hallituksen jäsen,Tecnotree Oyj,"123 914 486,03"
Jaana Sandström,Hallituksen jäsen,Oma Säästöpankki Oyj,"612 264 360,80"
Pekka Vähähyyppä,Hallituksen jäsen,Vincit Oyj,"45 263 279,13"
Carl-Gustaf von Troil,Hallituksen jäsen,Incap Oyj,"255 956 575,73"
Anne Koutonen,Hallituksen jäsen,HKScan Oyj,"70 255 764,51"
Terhi Tuomi,Hallituksen jäsen,HKScan Oyj,"70 255 764,51"
Pekka Kemppainen,Hallituksen jäsen,Bittium Oyj,"216 355 719,84"
Kati Kivimäki,Hallituksen jäsen,KH Group Oyj,"46 114 642,63"
Taru Narvanmaa,Hallituksen jäsen,KH Group Oyj,"46 114 642,63"
Marie Grönborg,Hallituksen jäsen,SSAB Ab,"5 648 129 947,77"
Hannu Juvonen,Hallituksen jäsen,Pihlajalinna Oyj,"175 079 844,90"
Jussi Himanen,Hallituksen jäsen,Teleste Oyj,"52 590 078,76"
Vesa Korpimies,Hallituksen jäsen,Teleste Oyj,"52 590 078,76"
Arvi Komulainen,Hallituksen jäsen,Piippo Oyj,"2 262 307,25"
Kim Ignatius,Hallituksen jäsen,Elisa Oyj,"7 151 901 020,02"
Anne Westersund,Hallituksen jäsen,Consti Oyj,"79 150 082,88"
Ari Harmaala,Hallituksen jäsen,Raute Oyj,"63 675 861,60"
Petra van Hoeken,Hallituksen jäsen,Nordea Bank Abp,"38 175 846 731,55"
John Maltby,Hallituksen jäsen,Nordea Bank Abp,"38 175 846 731,55"
Tiina  Kuusisto,Hallituksen jäsen,Enento Group Oyj,"392 615 124,00"
Kati Hagros,Hallituksen jäsen,Eezy Oyj,"33 938 434,33"
Julia  Woodhouse,Hallituksen jäsen,Outokumpu Oyj,"1 743 889 768,02"
Katarina Cantell,Hallituksen jäsen,Solteq Oyj,"13 577 550,70"
Panu Porkka,Hallituksen jäsen,Solteq Oyj,"13 577 550,70"
Jukka Rinnevaara,Hallituksen jäsen,Vaisala Oyj,"1 216 986 715,20"
Tuomas Syrjänen,Hallituksen jäsen,Vaisala Oyj,"1 216 986 715,20"
Tomas von Rettig,Hallituksen jäsen,eQ Oyj,"556 533 423,00"
Sebastian Langenskiöld,Hallituksen jäsen,Sanoma Oyj,"1 108 975 195,14"
Stefan Björkman,Hallituksen jäsen,Lindex Group Oyj,"508 873 740,80"
Tiina Alahuhta-Kasko,Hallituksen jäsen,Finnair Oyj,"625 903 613,95"
Jukka Erlund,Hallituksen jäsen,Finnair Oyj,"625 903 613,95"
Elina Björklund,Hallituksen jäsen,Taaleri Oyj,"244 949 356,80"
(Veli) Pekka Tennilä,Hallituksen jäsen,Raisio Oyj,"305 390 837,85"
Harri Pärssinen,Hallituksen jäsen,Oriola Oyj,"194 657 975,95"
Tuomas Syrjänen,Hallituksen jäsen,WithSecure Oyj,"184 551 478,47"
Jan Mattsson,Hallituksen jäsen,Martela Oyj,"5 716 868,75"
Alexandre (Sandy) Koifman,Hallituksen jäsen,Citycon Oyj,"694 016 725,90"
Olli Liitola,Hallituksen jäsen,CapMan Oyj,"334 685 992,61"
Rickard  Gustafson,Hallituksen jäsen,Telia Company AB,"8 953 412 844,22"
Olli-Pekka Kallasvuo,Hallituksen jäsen,Relais Group Oyj,"209 428 157,40"
Mads Laustsen,Hallituksen jäsen,Nanoform Finland Oyj,"199 250 716,56"
Kari Koskinen,Hallituksen jäsen,Koskisen Oyj,"162 097 119,36"
Arto Martonen,Hallituksen jäsen,Alexandria Group Oyj,"78 152 775,00"
Lauri Pietarinen,Hallituksen jäsen,Alexandria Group Oyj,"78 152 775,00"
Gösta Serlachius,Hallituksen jäsen,Alexandria Group Oyj,"78 152 775,00"
Seppo Mäkinen,Hallituksen jäsen,Optomed Oyj,"75 150 495,57"
Reijo  Tauriainen,Hallituksen jäsen,Optomed Oyj,"75 150 495,57"
Marc Moberg,Hallituksen jäsen,Fodelia Oyj,"40 473 050,00"
Hanna-Maria Heikkinen,Hallituksen jäsen,Solwers Oyj,"38 617 003,30"
John Lindahl,Hallituksen jäsen,Solwers Oyj,"38 617 003,30"
Emma Papakosta,Hallituksen jäsen,Solwers Oyj,"38 617 003,30"
Timo Koskinen,Hallituksen jäsen,Aallon Group Oyj,"32 422 484,52"
Aki Kamppinen,Hallituksen jäsen,Springvest Oyj,"27 856 445,00"
Mikko Kuitunen,Hallituksen jäsen,Robit Oyj,"36 005 830,00"
Jari Mäkilä,Hallituksen jäsen,HKScan Oyj,"70 255 764,51"
Ralf K. Wunderlich,Hallituksen jäsen,Huhtamäki Oyj,"3 855 666 575,30"
 Ahti Ritola,Hallituksen jäsen,Atria Oyj,"291 157 598,40"
Anja Korhonen,Hallituksen jäsen,Huhtamäki Oyj,"3 855 666 575,30"
Jarl Matti Anttila,Hallituksen jäsen,Ilkka Oyj,"84 638 236,34"
Lasse Heinonen,Hallituksen jäsen,Olvi Oyj,"621 666 960,00"
Päivi Paltola,Hallituksen jäsen,Olvi Oyj,"621 666 960,00"
Kari Saarelainen,Hallituksen jäsen,Honkarakenne Oyj,"19 255 398,90"
Peter Fagernäs,Hallituksen jäsen,Kesko Oyj,"6 646 408 664,14"
Piia Karhu,Hallituksen jäsen,Kesko Oyj,"6 646 408 664,14"
Riitta Tiuraniemi,Hallituksen jäsen,Bittium Oyj,"216 355 719,84"
Pekka Vauramo,Hallituksen jäsen,Nokian Renkaat Oyj,"1 261 131 646,50"
Maria Jerhamre Engström,Hallituksen jäsen,Aktia Pankki Oyj,"648 620 263,17"
Johannes Schulman,Hallituksen jäsen,Aktia Pankki Oyj,"648 620 263,17"
Tatu Vehmas,Hallituksen jäsen,Aspo Oyj,"183 491 509,36"
Sebastian Bondestam,Hallituksen jäsen,Glaston Oyj,"71 815 004,17"
Antti Kaunonen,Hallituksen jäsen,Glaston Oyj,"71 815 004,17"
Juha Vanhainen,Hallituksen jäsen,Ponsse Oyj,"632 800 000,00"
Marjan Oudeman,Hallituksen jäsen,UPM-Kymmene Oyj,"17 079 542 368,00"
Jussi Vienola,Hallituksen jäsen,Wulff-Yhtiöt Oyj,"18 995 977,00"
Kristina Vienola,Hallituksen jäsen,Wulff-Yhtiöt Oyj,"18 995 977,00"
Risto Linturi,Hallituksen jäsen,Innofactor Oyj,"46 883 361,39"
Essimari Kairisto,Hallituksen jäsen,Fortum Oyj,"10 987 003 373,93"
Antti Manninen,Hallituksen jäsen,Dovre Group Oyj,"33 376 295,61"
Päivi Rekonen,Hallituksen jäsen,Konecranes Oyj,"3 899 302 213,32"
Liselotte Hägertz Engstam,Hallituksen jäsen,TietoEVRY Oyj,"2 193 245 278,92"
Pierre Vareille,Hallituksen jäsen,Outokumpu Oyj,"1 743 889 768,02"
Tracy Stone,Hallituksen jäsen,Lindex Group Oyj,"508 873 740,80"
Martin Johansson,Hallituksen jäsen,Enento Group Oyj,"392 615 124,00"
Tarja  Pääkkönen,Hallituksen jäsen,United Bankers Oyj,"182 603 078,85"
Pekka Kemppainen,Hallituksen jäsen,Valmet Oyj,"4 629 847 789,45"
Monika Maurer,Hallituksen jäsen,Valmet Oyj,"4 629 847 789,45"
Montie Brewer,Hallituksen jäsen,Finnair Oyj,"625 903 613,95"
Henrik Kjellberg,Hallituksen jäsen,Finnair Oyj,"625 903 613,95"
Santtu  Elsinen,Hallituksen jäsen,Digia Oyj,"137 873 936,22"
Outi Taivainen,Hallituksen jäsen,Digia Oyj,"137 873 936,22"
Albert Ehrnrooth,Hallituksen jäsen,Fiskars Oyj,"1 386 720 000,00"
Erkki Järvinen,Hallituksen jäsen,Tokmanni Group Oyj,"865 370 654,40"
Peter Immonen,Hallituksen jäsen,Alma Media Oyj,"774 401 910,80"
Alexander Lindholm,Hallituksen jäsen,Alma Media Oyj,"774 401 910,80"
Catarina Fagerholm,Hallituksen jäsen,CapMan Oyj,"334 685 992,61"
Mikko Marsio,Hallituksen jäsen,Qt Group Oyj,"1 734 521 369,10"
Anne Koutonen,Hallituksen jäsen,Kojamo Oyj,"2 464 029 658,03"
Teresa Kemppi-Vasama,Hallituksen jäsen,Kempower Oyj,"1 055 315 480,00"
Hanna Liiri,Hallituksen jäsen,Spinnova Oy,"82 416 864,93"
Arto Puolimatka,Hallituksen jäsen,Asuntosalkku Oyj,"72 021 216,00"
Michael Piccirillo,Hallituksen jäsen,Bioretec Oyj,"55 519 622,34"
Juha Mikkola,Hallituksen jäsen,Digital Workforce Services Oyj,"35 144 703,36"
Petteri Kilpinen,Hallituksen jäsen,Springvest Oyj,"27 856 445,00"
Taina Ahvenjärvi,Hallituksen jäsen,Ovaro Kiinteistösijoitus Oyj,"32 336 000,00"
Eljas Repo,Hallituksen jäsen,Ovaro Kiinteistösijoitus Oyj,"32 336 000,00"
Anne Koutonen,Hallituksen jäsen,Componenta Oyj,"23 699 127,08"
Christiane  Kuehne,Hallituksen jäsen,Stora Enso Oyj,"10 079 019 824,28"
Kerttu Tuomas,Hallituksen jäsen,Huhtamäki Oyj,"3 855 666 575,30"
Isto Kärkäinen,Hallituksen jäsen,Saga Furs Oyj,"38 520 000,00"
Peter Wiklöf,Hallituksen jäsen,Viking Line Abp,"388 800 000,00"
Antti  Vasara,Hallituksen jäsen,Elisa Oyj,"7 151 901 020,02"
Mikko Tepponen,Hallituksen jäsen,Etteplan Oyj,"347 770 943,40"
Tero Telaranta,Hallituksen jäsen,Glaston Oyj,"71 815 004,17"
Helena Nordman-Knutson,Hallituksen jäsen,Exel Composites Oyj,"24 864 401,87"
Peter Eriksson,Hallituksen jäsen,Digitalist Group Oyj,"5 686 129,73"
Petri Castrén,Hallituksen jäsen,Vaisala Oyj,"1 216 986 715,20"
Annikka Hurme,Hallituksen jäsen,Apetit Oyj,"87 182 548,80"
Jussi Linnaranta,Hallituksen jäsen,Metsä Board Oyj,"2 588 610 796,99"
Leena Niemistö,Hallituksen jäsen,Raisio Oyj,"305 390 837,85"
Ari Lehtoranta,Hallituksen jäsen,Orion Oyj,"4 581 058 697,45"
Hilpi Rautelin,Hallituksen jäsen,Orion Oyj,"4 581 058 697,45"
David Lukes,Hallituksen jäsen,Citycon Oyj,"694 016 725,90"
Teresa Kemppi-Vasama,Hallituksen jäsen,Cargotec Oyj,"4 028 083 458,00"
Johanna Lamminen,Hallituksen jäsen,Cargotec Oyj,"4 028 083 458,00"
Lennart Robertsson,Hallituksen jäsen,United Bankers Oyj,"182 603 078,85"
Johannes Karjula,Hallituksen jäsen,Talenom Oyj,"243 656 574,48"
Mammu Kaario,Hallituksen jäsen,CapMan Oyj,"334 685 992,61"
Karin Falk,Hallituksen jäsen,Wärtsilä Oyj Abp,"9 008 988 612,75"
Johan Forssell,Hallituksen jäsen,Wärtsilä Oyj Abp,"9 008 988 612,75"
Aila Hemminki,Hallituksen jäsen,Oma Säästöpankki Oyj,"612 264 360,80"
Torsten Steenholt,Hallituksen jäsen,Anora Group Oyj,"335 065 975,04"
Henri Österlund,Hallituksen jäsen,Remedy Entertainment Oyj,"225 787 165,66"
Pasi Aaltola,Hallituksen jäsen,Admicom Oyj,"213 528 558,00"
Michael Richter,Hallituksen jäsen,Lemonsoft Oyj,"109 250 347,08"
Teemu Kaltea,Hallituksen jäsen,Titanium Oyj,"106 303 037,00"
John Poulos,Hallituksen jäsen,Faron Pharmaceuticals Oy,"99 226 330,87"
Elina Piispanen,Hallituksen jäsen,Sitowise Group Oyj,"98 934 035,40"
Teemu Suna,Hallituksen jäsen,Nightingale Health Oyj,"95 641 980,63"
Tomi Koivukoski,Hallituksen jäsen,Toivo Group Oyj,"57 134 609,58"
Mika  Kiljala,Hallituksen jäsen,Pohjanmaan Arvo Sijoitusosuuskunta,"41 142 786,30"
Mika Uotila,Hallituksen jäsen,Eezy Oyj,"33 938 434,33"
Carla Smits-Nusteling,Hallituksen jäsen,Nokia Oyj,"18 580 673 630,15"
Pasi Korhonen,Hallituksen jäsen,Atria Oyj,"291 157 598,40"
Nella Ginman-Tjeder,Hallituksen jäsen,Atria Oyj,"291 157 598,40"
Christian Clausen,Hallituksen jäsen,Sampo Oyj,"20 006 636 502,24"
Doug Baillie,Hallituksen jäsen,Huhtamäki Oyj,"3 855 666 575,30"
Anders Kulp,Hallituksen jäsen,Saga Furs Oyj,"38 520 000,00"
Jaakko Aspara,Hallituksen jäsen,Tulikivi Oyj,"27 480 900,54"
Matti Kylävainio,Hallituksen jäsen,Ponsse Oyj,"632 800 000,00"
Christina Lindstedt,Hallituksen jäsen,Scanfil Oyj,"514 327 544,84"
Taina Ahvenjärvi,Hallituksen jäsen,Investors House Oyj,"35 778 937,60"
Hanna Maria Sievinen,Hallituksen jäsen,Taaleri Oyj,"244 949 356,80"
Mikael  Laine,Hallituksen jäsen,Aspo Oyj,"183 491 509,36"
Kati ter Horst,Hallituksen jäsen,Outokumpu Oyj,"1 743 889 768,02"
Kaarina Ståhlberg,Hallituksen jäsen,Vaisala Oyj,"1 216 986 715,20"
Sarlotta Narjus,Hallituksen jäsen,Glaston Oyj,"71 815 004,17"
Jannica  Fagerholm,Hallituksen jäsen,Kesko Oyj,"6 646 408 664,14"
Timo Kokkila,Hallituksen jäsen,eQ Oyj,"556 533 423,00"
Ulf Liljedahl,Hallituksen jäsen,Konecranes Oyj,"3 899 302 213,32"
Kaisa Olkkonen,Hallituksen jäsen,Cargotec Oyj,"4 028 083 458,00"
Eija Ronkainen,Hallituksen jäsen,Orion Oyj,"4 581 058 697,45"
Harri-Pekka Kaukonen,Hallituksen jäsen,TietoEVRY Oyj,"2 193 245 278,92"
Teemu Kangas-Kärki,Hallituksen jäsen,Lassila & Tikanoja Oyj,"342 982 046,16"
Petri Helsky,Hallituksen jäsen,Exel Composites Oyj,"24 864 401,87"
Jouko Peussa,Hallituksen jäsen,Exel Composites Oyj,"24 864 401,87"
Martti Ala-Härkönen,Hallituksen jäsen,Digia Oyj,"137 873 936,22"
Ann-Christine Sundell,Hallituksen jäsen,Revenio Group Oyj,"657 956 320,56"
Jyri Luomakoski,Hallituksen jäsen,Fiskars Oyj,"1 386 720 000,00"
Anni Vepsäläinen,Hallituksen jäsen,Martela Oyj,"5 716 868,75"
Markku Tuomaala,Hallituksen jäsen,Puuilo Oyj,"807 924 362,09"
Mikko Mursula,Hallituksen jäsen,Kojamo Oyj,"2 464 029 658,03"
Kari Joki-Hollanti,Hallituksen jäsen,Lemonsoft Oyj,"109 250 347,08"
Tomi Terho,Hallituksen jäsen,Sitowise Group Oyj,"98 934 035,40"
Juha Leppänen,Hallituksen jäsen,Betolar Oyj,"21 861 673,43"
Tarja  Pääkkönen,Hallituksen jäsen,Panostaja Oyj,"20 906 579,12"
Jussi Aho,Hallituksen jäsen,EcoUp Oyj,"16 494 870,60"
Kim Poulsen,Hallituksen jäsen,EcoUp Oyj,"16 494 870,60"
Ari Virtanen,Hallituksen jäsen,Kesla Oyj,"13 803 231,60"
Ville Parpola,Hallituksen jäsen,Valoe Oyj,"2 885 999,38"
Risto Murto,Hallituksen jäsen,Sampo Oyj,"20 006 636 502,24"
Ulrika  Valassi,Hallituksen jäsen,Ålandsbanken Abp,"521 795 600,10"
Bengt Engström,Hallituksen jäsen,Scanfil Oyj,"514 327 544,84"
Klaus Cawén,Hallituksen jäsen,Metso Oyj,"9 313 505 363,40"
Ian W. Pearce,Hallituksen jäsen,Metso Oyj,"9 313 505 363,40"
Matti Huttunen,Hallituksen jäsen,Etteplan Oyj,"347 770 943,40"
Ann-Christine Sundell,Hallituksen jäsen,Raisio Oyj,"305 390 837,85"
Kaarina Muurinen,Hallituksen jäsen,Aspocomp Group Oyj,"21 413 707,20"
Niko Simula,Hallituksen jäsen,Apetit Oyj,"87 182 548,80"
Andreas Ahlström,Hallituksen jäsen,Suominen Oyj,"156 717 299,11"
Eero Martela,Hallituksen jäsen,Martela Oyj,"5 716 868,75"
Rasmus Molander,Hallituksen jäsen,Puuilo Oyj,"807 924 362,09"
Iiris Herlin,Hallituksen jäsen,Kone Oyj,"22 711 082 394,00"
Olli Hyyppä,Hallituksen jäsen,Talenom Oyj,"243 656 574,48"
Albert Haeggström,Hallituksen jäsen,Nanoform Finland Oyj,"199 250 716,56"
Henrik Roos,Hallituksen jäsen,Detection Technology Oyj,"196 389 462,00"
Hanna Maria Sievinen,Hallituksen jäsen,Koskisen Oyj,"162 097 119,36"
Olli Karhi,Hallituksen jäsen,Nightingale Health Oyj,"95 641 980,63"
Timo Kohtamäki,Hallituksen jäsen,Kreate Group Oyj,"69 542 135,28"
Leena Niemistö,Hallituksen jäsen,Digital Workforce Services Oyj,"35 144 703,36"
Jukka Virkkunen,Hallituksen jäsen,Digital Workforce Services Oyj,"35 144 703,36"
Vesa Riihimäki,Hallituksen jäsen,Merus Power Oyj,"30 809 212,98"
Jouni Paajanen,Hallituksen jäsen,Kesla Oyj,"13 803 231,60"
Lasse Joensuu,Hallituksen jäsen,Saga Furs Oyj,"38 520 000,00"
Richard Nilsson,Hallituksen jäsen,Stora Enso Oyj,"10 079 019 824,28"
Timo Lappalainen,Hallituksen jäsen,Kemira Oyj,"2 699 853 640,66"
Endre  Rangnes,Hallituksen jäsen,TietoEVRY Oyj,"2 193 245 278,92"
Esa Lager,Hallituksen jäsen,Alma Media Oyj,"774 401 910,80"
Laura Lares,Hallituksen jäsen,Lassila & Tikanoja Oyj,"342 982 046,16"
Juha Salmela,Hallituksen jäsen,Spinnova Oy,"82 416 864,93"
Ravi Kant,Hallituksen jäsen,Kone Oyj,"22 711 082 394,00"
Petra Einarsson,Hallituksen jäsen,SSAB Ab,"5 648 129 947,77"
Jyrki Mäkynen,Hallituksen jäsen,Oma Säästöpankki Oyj,"612 264 360,80"
Aki Jaskari,Hallituksen jäsen,Oma Säästöpankki Oyj,"612 264 360,80"
Sami Somero,Hallituksen jäsen,Gofore Oyj,"357 834 176,15"
Rainer Häggblom,Hallituksen jäsen,United Bankers Oyj,"182 603 078,85"
Mika Niemi,Hallituksen jäsen,NoHo Partners Oyj,"166 817 137,10"
Hannu-Kalle (Kalle) Reponen,Hallituksen jäsen,Koskisen Oyj,"162 097 119,36"
Julia Aubertin,Hallituksen jäsen,Rapala VMC Oyj,"122 850 000,00"
Petri  Kärkkäinen,Hallituksen jäsen,Titanium Oyj,"106 303 037,00"
Topi Piela,Hallituksen jäsen,Asuntosalkku Oyj,"72 021 216,00"
Kim Väisänen,Hallituksen jäsen,Asuntosalkku Oyj,"72 021 216,00"
Aki Prihti,Hallituksen jäsen,Herantis Pharma Oyj,"28 930 651,86"
Frans Wuite,Hallituksen jäsen,Herantis Pharma Oyj,"28 930 651,86"
Elisabeth Fleuriot,Hallituksen jäsen,Stora Enso Oyj,"10 079 019 824,28"
Jannica  Fagerholm,Hallituksen jäsen,Sampo Oyj,"20 006 636 502,24"
Christoffer  Taxell,Hallituksen jäsen,Ålandsbanken Abp,"521 795 600,10"
Piia-Noora Kauppi,Hallituksen jäsen,UPM-Kymmene Oyj,"17 079 542 368,00"
Mika Ihamuotila,Hallituksen jäsen,Sanoma Oyj,"1 108 975 195,14"
Nicolas Berner,Hallituksen jäsen,eQ Oyj,"556 533 423,00"
Per-Anders Ovin,Hallituksen jäsen,Citycon Oyj,"694 016 725,90"
Colin Douglas Clark,Hallituksen jäsen,Tallink Grupp AS,"547 266 831,10"
Petri Olkinuora,Hallituksen jäsen,NoHo Partners Oyj,"166 817 137,10"
Antti Kangas,Hallituksen jäsen,Nightingale Health Oyj,"95 641 980,63"
 Johan Lundin,Hallituksen jäsen,Aiforia Technologies Oyj,"95 422 260,72"
Paul Savolainen,Hallituksen jäsen,Eezy Oyj,"33 938 434,33"
Tero Weckroth,Hallituksen jäsen,Inderes Oyj,"32 847 615,70"
Kjell-Göran Paxal,Hallituksen jäsen,Atria Oyj,"291 157 598,40"
Anders Å Karlsson,Hallituksen jäsen,Ålandsbanken Abp,"521 795 600,10"
Joni Bask,Hallituksen jäsen,Raute Oyj,"63 675 861,60"
Kim  Wahl,Hallituksen jäsen,UPM-Kymmene Oyj,"17 079 542 368,00"
Jussi Herlin,Hallituksen jäsen,Kone Oyj,"22 711 082 394,00"
Harri Sivula,Hallituksen jäsen,Tokmanni Group Oyj,"865 370 654,40"
Esa Lager,Hallituksen jäsen,Ilkka Oyj,"84 638 236,34"
Jukka Vidgrén,Hallituksen jäsen,Ponsse Oyj,"632 800 000,00"
Jarno Hyökyvaara,Hallituksen jäsen,Trainers´ House Oyj,"5 240 695,44"
Sakari Lassila,Hallituksen jäsen,Lassila & Tikanoja Oyj,"342 982 046,16"
Martin Lindqvist,Hallituksen jäsen,SSAB Ab,"5 648 129 947,77"
Erkki Norvio,Hallituksen jäsen,Consti Oyj,"79 150 082,88"
Eero  Eriksson,Hallituksen jäsen,Panostaja Oyj,"20 906 579,12"
Mikko  Koskenkorva,Hallituksen jäsen,Panostaja Oyj,"20 906 579,12"
Mammu Kaario,Hallituksen jäsen,Ponsse Oyj,"632 800 000,00"
Paul Ehrnrooth,Hallituksen jäsen,Digitalist Group Oyj,"5 686 129,73"
Louise Fromond,Hallituksen jäsen,Fiskars Oyj,"1 386 720 000,00"
Vesa-Pekka Kangaskorpi,Hallituksen jäsen,Keskisuomalainen Oyj,"94 399 199,20"
Tapani Rautiainen,Hallituksen jäsen,Ovaro Kiinteistösijoitus Oyj,"32 336 000,00"
Pekka Haltia,Hallituksen jäsen,Keskisuomalainen Oyj,"94 399 199,20"
Iikka Savisalo,Hallituksen jäsen,Valoe Oyj,"2 885 999,38"
Jelena Manojlovic,Hallituksen jäsen,Afarak Group Oyj,"102 089 908,46"
Kai Telanne,Hallituksen jäsen,Teleste Oyj,"52 590 078,76"
Ilari Koskelo,Hallituksen jäsen,Dovre Group Oyj,"33 376 295,61"
Fred Larsen,Hallituksen jäsen,Lamor Corporation Oyj,"60 505 332,80"
Sari Mutka,Hallituksen jäsen,Ilkka Oyj,"84 638 236,34"
Pekka Tammela,Hallituksen jäsen,Revenio Group Oyj,"657 956 320,56"
Kalev Järvelill,Hallituksen jäsen,Tallink Grupp AS,"547 266 831,10"
Kalle Kautto,Hallituksen jäsen,Keskisuomalainen Oyj,"94 399 199,20"
Anders  Wiklöf,Hallituksen jäsen,Ålandsbanken Abp,"521 795 600,10"
Johan Hammarén,Hallituksen jäsen,Fondia Oyj,"27 751 000,68"
Ain Hanschmidt,Hallituksen jäsen,Tallink Grupp AS,"547 266 831,10"
Jaakko Kurikka,Hallituksen jäsen,Keskisuomalainen Oyj,"94 399 199,20"
Mikko Siuruainen,Hallituksen jäsen,Talenom Oyj,"243 656 574,48"
Matti Alahuhta,Hallituksen jäsen,Kone Oyj,"22 711 082 394,00"
Eva Wathén,Hallituksen jäsen,Koskisen Oyj,"162 097 119,36"
Mikko Paananen,Hallituksen jäsen,Keskisuomalainen Oyj,"94 399 199,20"
Heikki Vauhkonen,Hallituksen jäsen,Tulikivi Oyj,"27 480 900,54"
Sami Ensio,Hallituksen jäsen,Innofactor Oyj,"46 883 361,39"
Samuli Seppälä,Hallituksen jäsen,Verkkokauppa.com Oyj,"104 088 650,94"
Toivo Ninnas,Hallituksen jäsen,Tallink Grupp AS,"547 266 831,10"
Eve Pant,Hallituksen jäsen,Tallink Grupp AS,"547 266 831,10"
Peter Aho,Hallituksen jäsen,Administer Oyj,"35 885 360,00"
Jarmo Halonen,Hallituksen jäsen,Elecster Oyj,"18 140 881,44"
Yehuda (Judah) L.  Angster,Hallituksen jäsen,Citycon Oyj,"694 016 725,90"
Zvi Gordon,Hallituksen jäsen,Citycon Oyj,"694 016 725,90"
Raino Paron,Hallituksen jäsen,Tallink Grupp AS,"547 266 831,10"
Jyoti Desai,Hallituksen jäsen,Tecnotree Oyj,"123 914 486,03"
Conrad Neil Phoenix,Hallituksen jäsen,Tecnotree Oyj,"123 914 486,03"
Guy Konsbruck,Hallituksen jäsen,Afarak Group Oyj,"102 089 908,46"
Markku Jalkanen,Hallituksen jäsen,Faron Pharmaceuticals Oy,"99 226 330,87"
Marie-Louise Fjällskog,Hallituksen jäsen,Faron Pharmaceuticals Oy,"99 226 330,87"
Juha Nurminen,Hallituksen jäsen,Nurminen Logistics Oyj,"96 878 540,20"
Sari Helander,Hallituksen jäsen,Enersense International Oyj,"66 299 958,54"
Hannu Kytölä,Hallituksen jäsen,Tamtron Group Oyj,"36 612 747,52"
Mikko Leinonen,Hallituksen jäsen,Tamtron Group Oyj,"36 612 747,52"
Tero Luoma,Hallituksen jäsen,Tamtron Group Oyj,"36 612 747,52"
Mikko Larvala,Hallituksen jäsen,Investors House Oyj,"35 778 937,60"
Joonas Rautiainen,Hallituksen jäsen,Investors House Oyj,"35 778 937,60"
Petri Roininen,Hallituksen jäsen,Investors House Oyj,"35 778 937,60"
Kim Ignatius,Hallituksen jäsen,Duell Oyj,"34 895 149,50"
Jarmo Puputti,Hallituksen jäsen,Netum Group Oyj,"32 221 604,52"
Repe Harmanen,Hallituksen jäsen,Netum Group Oyj,"32 221 604,52"
Liu Feng,Hallituksen jäsen,Biohit Oyj,"31 105 865,65"
Juha Mäkihonko,Hallituksen jäsen,PunaMusta Media Oyj,"29 290 622,40"
Hannu Laakkonen,Hallituksen jäsen,PunaMusta Media Oyj,"29 290 622,40"
Mats Thorén,Hallituksen jäsen,Herantis Pharma Oyj,"28 930 651,86"
Eduard Paulig,Hallituksen jäsen,Fifax Abp,"14 056 706,60"
Ulf Toivonen,Hallituksen jäsen,Fifax Abp,"14 056 706,60"
Robin Blomqvist,Hallituksen jäsen,Fifax Abp,"14 056 706,60"
Timo Laine,Hallituksen puheenjohtaja,NoHo Partners Oyj,"166 817 137,10"
Marko Kauppi,Hallituksen puheenjohtaja,Loihde Oyj,"83 099 788,10"
Anne Koutonen,Hallituksen puheenjohtaja,Modulight Oyj,"38 781 411,76"
Heiner Olbrich,Hallituksen puheenjohtaja,Harvia Oyj,"742 161 169,20"
Pekka Vauramo,Hallituksen puheenjohtaja,Huhtamäki Oyj,"3 855 666 575,30"
Emmanuel Viellard,Hallituksen puheenjohtaja,Rapala VMC Oyj,"122 850 000,00"
Maria Cláudia Teixeira de Azevedo,Hallituksen puheenjohtaja,Musti Group Oyj,"788 083 145,50"
Heikki Länsisyrjä,Hallituksen puheenjohtaja,Digital Workforce Services Oyj,"35 144 703,36"
Tuomo Pätsi,Hallituksen puheenjohtaja,Faron Pharmaceuticals Oy,"99 226 330,87"
Charles Héaulmé,Hallituksen puheenjohtaja,Suominen Oyj,"156 717 299,11"
Pasi Laine,Hallituksen puheenjohtaja,Konecranes Oyj,"3 899 302 213,32"
Vesa Laisi,Hallituksen puheenjohtaja,Kempower Oyj,"1 055 315 480,00"
Juhani Kangas,Hallituksen puheenjohtaja,Norrhydro Group Oyj,"15 742 288,98"
Ari Lehtoranta,Hallituksen puheenjohtaja,SRV Yhtiöt Oyj,"73 703 368,62"
Veli-Matti Mattila,Hallituksen puheenjohtaja,Orion Oyj,"4 581 058 697,45"
Timo Lappi,Hallituksen puheenjohtaja,Fondia Oyj,"27 751 000,68"
Robert Ingman,Hallituksen puheenjohtaja,Evli Oyj,"516 455 530,50"
Jyri Luomakoski,Hallituksen puheenjohtaja,YIT Oyj,"413 994 777,75"
Heikki Ojala,Hallituksen puheenjohtaja,LapWall Oyj,"43 576 554,00"
Mikael Aro,Hallituksen puheenjohtaja,Caverion Oyj,"1 215 550 805,00"
Mikael Rentto,Hallituksen puheenjohtaja,Pallas Air Oyj,"1 668 003,75"
Patrick Lapveteläinen,Hallituksen puheenjohtaja,Mandatum,"2 176 794 310,18"
Vesa Silaskivi,Hallituksen puheenjohtaja,Biohit Oyj,"31 105 865,65"
Leena Saarinen,Hallituksen puheenjohtaja,Reka Industrial Oyj,"52 926 840,00"
Antti Mäkinen,Hallituksen puheenjohtaja,Sampo Oyj,"20 006 636 502,24"
Lasse Aho,Hallituksen puheenjohtaja,Puuilo Oyj,"807 924 362,09"
Jussi Mälkiä,Hallituksen puheenjohtaja,Meriaura Group Oyj,"39 179 417,72"
Pekka Kuusniemi,Hallituksen puheenjohtaja,Koskisen Oyj,"162 097 119,36"
Jouni Heinonen,Hallituksen puheenjohtaja,Exel Composites Oyj,"24 864 401,87"
Jakob Johansson,Hallituksen puheenjohtaja,Viking Line Abp,"388 800 000,00"
Jan Öhman,Hallituksen puheenjohtaja,NYAB Oyj,"333 542 688,34"
Terho Kalliokoski,Hallituksen puheenjohtaja,Kamux Oyj,"214 493 371,20"
Jari Pirinen,Hallituksen puheenjohtaja,Partnera Oyj,"21 693 140,28"
Timo Kohtamäki,Hallituksen puheenjohtaja,Honkarakenne Oyj,"19 255 398,90"
Markus Niemelä,Hallituksen puheenjohtaja,Rush Factory Oyj,"788 506,53"
Mikael Silvennoinen,Hallituksen puheenjohtaja,Fortum Oyj,"10 987 003 373,93"
Henrik Ehrnrooth,Hallituksen puheenjohtaja,UPM-Kymmene Oyj,"17 079 542 368,00"
Jukka Leinonen,Hallituksen puheenjohtaja,Pihlajalinna Oyj,"175 079 844,90"
Ilkka Salonen,Hallituksen puheenjohtaja,Betolar Oyj,"21 861 673,43"
Pekka Jalovaara,Hallituksen puheenjohtaja,BBS-Bioactive Bone Substitutes Oyj,"9 262 644,00"
Nora Hortling,Hallituksen puheenjohtaja,Olvi Oyj,"621 666 960,00"
Sanna Suvanto-Harsaae,Hallituksen puheenjohtaja,Finnair Oyj,"625 903 613,95"
Sari Pohjonen,Hallituksen puheenjohtaja,Lindex Group Oyj,"508 873 740,80"
Yrjö Närhinen,Hallituksen puheenjohtaja,LeadDesk Oyj,"42 517 420,24"
Heikki Westerlund,Hallituksen puheenjohtaja,Oriola Oyj,"194 657 975,95"
Jostein Vik,Hallituksen puheenjohtaja,Heeros Oyj,"17 353 815,84"
Kari Jordan,Hallituksen puheenjohtaja,Stora Enso Oyj,"10 079 019 824,28"
Joakim Frimodig,Hallituksen puheenjohtaja,CapMan Oyj,"334 685 992,61"
Markku Teräsvasara,Hallituksen puheenjohtaja,Robit Oyj,"36 005 830,00"
Hille Korhonen,Hallituksen puheenjohtaja,Asuntosalkku Oyj,"72 021 216,00"
Markku Kankaala,Hallituksen puheenjohtaja,Wetteri Oyj,"72 131 641,16"
Eero Sihvonen,Hallituksen puheenjohtaja,Lehto Group Oyj,"2 777 393,24"
Anna Hyvönen,Hallituksen puheenjohtaja,Duell Oyj,"34 895 149,50"
Marko Sipola,Hallituksen puheenjohtaja,Viafin Service Oyj,"59 875 117,50"
Leena Niemistö,Hallituksen puheenjohtaja,Nightingale Health Oyj,"95 641 980,63"
Stephen Hester,Hallituksen puheenjohtaja,Nordea Bank Abp,"38 175 846 731,55"
Tuomas Mikkonen,Hallituksen puheenjohtaja,EcoUp Oyj,"16 494 870,60"
Janne Poranen,Hallituksen puheenjohtaja,Spinnova Oy,"82 416 864,93"
Jukka-Pekka Joensuu,Hallituksen puheenjohtaja,Endomines Finland Oyj,"72 093 695,04"
Juha Karttunen,Hallituksen puheenjohtaja,KH Group Oyj,"46 114 642,63"
Mika Ståhlberg,Hallituksen puheenjohtaja,Lamor Corporation Oyj,"60 505 332,80"
Jaakko Eskola,Hallituksen puheenjohtaja,Cargotec Oyj,"4 028 083 458,00"
Esa Matikainen,Hallituksen puheenjohtaja,Digitalist Group Oyj,"5 686 129,73"
Jesper Otterbeck,Hallituksen puheenjohtaja,Relais Group Oyj,"209 428 157,40"
Arne Boye Nielsen,Hallituksen puheenjohtaja,Revenio Group Oyj,"657 956 320,56"
Mikko Bergman,Hallituksen puheenjohtaja,Titanium Oyj,"106 303 037,00"
Markku Pohjola,Hallituksen puheenjohtaja,Alisa Pankki Oyj,"17 357 273,76"
Catharina Stackelberg-Hammarén,Hallituksen puheenjohtaja,Alma Media Oyj,"774 401 910,80"
Matti Kähkönen,Hallituksen puheenjohtaja,Kemira Oyj,"2 699 853 640,66"
Jukka Leinonen,Hallituksen puheenjohtaja,Lassila & Tikanoja Oyj,"342 982 046,16"
Petri Niemi,Hallituksen puheenjohtaja,Admicom Oyj,"213 528 558,00"
Pertti Ervi,Hallituksen puheenjohtaja,F-Secure Oyj,"327 337 511,21"
Marjo  Kolehmainen,Hallituksen puheenjohtaja,Pohjanmaan Arvo Sijoitusosuuskunta,"41 142 786,30"
Timo Lappi,Hallituksen puheenjohtaja,Witted Megacorp Oyj,"30 314 177,32"
Tomas von Rettig,Hallituksen puheenjohtaja,Purmo Group Oyj,"302 159 744,40"
Jyrki Liljeroos,Hallituksen puheenjohtaja,Modulight Oyj,"38 781 411,76"
Lennart Evrell,Hallituksen puheenjohtaja,SSAB Ab,"5 648 129 947,77"
Michael Holm Johansen,Hallituksen puheenjohtaja,Anora Group Oyj,"335 065 975,04"
Timo Ahopelto,Hallituksen puheenjohtaja,Lifeline SPAC I Oyj,"121 880 000,00"
Lasse Aho,Hallituksen puheenjohtaja,Apetit Oyj,"87 182 548,80"
Mikko Kuitunen,Hallituksen puheenjohtaja,Vincit Oyj,"45 263 279,13"
Kari Stadigh,Hallituksen puheenjohtaja,Metso Oyj,"9 313 505 363,40"
Jaakko Eskola,Hallituksen puheenjohtaja,Enersense International Oyj,"66 299 958,54"
Mikael Slotte,Hallituksen puheenjohtaja,Piippo Oyj,"2 262 307,25"
Arto Tiitinen,Hallituksen puheenjohtaja,Raisio Oyj,"305 390 837,85"
Irmeli Rytkönen,Hallituksen puheenjohtaja,Nurminen Logistics Oyj,"96 878 540,20"
Heikki Westerlund,Hallituksen puheenjohtaja,Aspo Oyj,"183 491 509,36"
Janne Larma,Hallituksen puheenjohtaja,eQ Oyj,"556 533 423,00"
Jari Sarasvuo,Hallituksen puheenjohtaja,Trainers´ House Oyj,"5 240 695,44"
Ville Voipio,Hallituksen puheenjohtaja,Vaisala Oyj,"1 216 986 715,20"
Arja Talma,Hallituksen puheenjohtaja,Verkkokauppa.com Oyj,"104 088 650,94"
Harri Suutari,Hallituksen puheenjohtaja,PunaMusta Media Oyj,"29 290 622,40"
Pertti Ervi,Hallituksen puheenjohtaja,QPR Software Oyj,"11 014 166,35"
Johan Mild,Hallituksen puheenjohtaja,Martela Oyj,"5 716 868,75"
Vesa Tuomi,Hallituksen puheenjohtaja,Kesla Oyj,"13 803 231,60"
Sanna Suvanto-Harsaae,Hallituksen puheenjohtaja,Orthex Oyj,"111 170 426,04"
Veli-Matti Reinikkala,Hallituksen puheenjohtaja,Glaston Oyj,"71 815 004,17"
Pentti Asikainen,Hallituksen puheenjohtaja,Tamtron Group Oyj,"36 612 747,52"
Henri Österlund,Hallituksen puheenjohtaja,SSH Communications Security Oyj,"52 036 614,53"
Thorstein Abrahamsen,Hallituksen puheenjohtaja,Afarak Group Oyj,"102 089 908,46"
Sari Baldauf,Hallituksen puheenjohtaja,Nokia Oyj,"18 580 673 630,15"
Jarmo Vidgrén,Hallituksen puheenjohtaja,Ponsse Oyj,"632 800 000,00"
Juhani Elomaa,Hallituksen puheenjohtaja,Taaleri Oyj,"244 949 356,80"
Timo Luukkainen,Hallituksen puheenjohtaja,Teleste Oyj,"52 590 078,76"
Timo Veromaa,Hallituksen puheenjohtaja,Herantis Pharma Oyj,"28 930 651,86"
Jukka Hienonen,Hallituksen puheenjohtaja,Nokian Renkaat Oyj,"1 261 131 646,50"
Anna Lindén,Hallituksen puheenjohtaja,Innofactor Oyj,"46 883 361,39"
Eeva-Liisa Virkkunen,Hallituksen puheenjohtaja,Sotkamo Silver AB,"39 434 625,11"
Tom  Johnstone,Hallituksen puheenjohtaja,Wärtsilä Oyj Abp,"9 008 988 612,75"
Simon Hallqvist,Hallituksen puheenjohtaja,Boreo Oyj,"62 131 119,00"
Miguel Calado,Hallituksen puheenjohtaja,Nanoform Finland Oyj,"199 250 716,56"
Christoffer  Häggblom,Hallituksen puheenjohtaja,Lemonsoft Oyj,"109 250 347,08"
Timur Kärki,Hallituksen puheenjohtaja,Gofore Oyj,"357 834 176,15"
Tomas  Franzén,Hallituksen puheenjohtaja,TietoEVRY Oyj,"2 193 245 278,92"
Lars-Johan Jarnheimer,Hallituksen puheenjohtaja,Telia Company AB,"8 953 412 844,22"
Leena Niemistö,Hallituksen puheenjohtaja,Nexstim Oyj,"15 357 825,74"
Mikko Paso,Hallituksen puheenjohtaja,Fodelia Oyj,"40 473 050,00"
Harri Suutari,Hallituksen puheenjohtaja,Componenta Oyj,"23 699 127,08"
Neil Macleod,Hallituksen puheenjohtaja,Tecnotree Oyj,"123 914 486,03"
Nils Lampi,Hallituksen puheenjohtaja,Ålandsbanken Abp,"521 795 600,10"
Jari Isosaari,Hallituksen puheenjohtaja,Saga Furs Oyj,"38 520 000,00"
Ville Vuori,Hallituksen puheenjohtaja,Incap Oyj,"255 956 575,73"
Kari  Kauniskangas,Hallituksen puheenjohtaja,Terveystalo Oyj,"1 002 318 229,59"
Kari Juutilainen,Hallituksen puheenjohtaja,Wulff-Yhtiöt Oyj,"18 995 977,00"
Anssi Vanjoki,Hallituksen puheenjohtaja,Elisa Oyj,"7 151 901 020,02"
Laura Raitio,Hallituksen puheenjohtaja,Raute Oyj,"63 675 861,60"
Mikael Mäkinen,Hallituksen puheenjohtaja,Valmet Oyj,"4 629 847 789,45"
Mikael Aro,Hallituksen puheenjohtaja,Kojamo Oyj,"2 464 029 658,03"
Timo Kotilainen,Hallituksen puheenjohtaja,Loihde Oyj,"83 099 788,10"
Jarmo Salmi,Hallituksen puheenjohtaja,Oma Säästöpankki Oyj,"612 264 360,80"
Eero Heliövaara,Hallituksen puheenjohtaja,Sitowise Group Oyj,"98 934 035,40"
Karri Kaitue,Hallituksen puheenjohtaja,Alexandria Group Oyj,"78 152 775,00"
Tomi Numminen,Hallituksen puheenjohtaja,Bioretec Oyj,"55 519 622,34"
Tapio Pajuharju,Hallituksen puheenjohtaja,Eezy Oyj,"33 938 434,33"
Matti Vuoria,Hallituksen puheenjohtaja,Eagle Filters Group Oyj,"8 509 290,19"
Reijo Kiskola,Hallituksen puheenjohtaja,HKScan Oyj,"70 255 764,51"
Lasse Svens,Hallituksen puheenjohtaja,Aktia Pankki Oyj,"648 620 263,17"
Matti Kähkönen,Hallituksen puheenjohtaja,Neste Oyj,"19 784 108 411,76"
Svein Stavelin,Hallituksen puheenjohtaja,Dovre Group Oyj,"33 376 295,61"
Ilkka Hämälä,Hallituksen puheenjohtaja,Metsä Board Oyj,"2 588 610 796,99"
Hannu Syrjälä,Hallituksen puheenjohtaja,Detection Technology Oyj,"196 389 462,00"
Harry Brade,Hallituksen puheenjohtaja,Siili Solutions Oyj,"75 867 251,16"
Kari Jordan,Hallituksen puheenjohtaja,Outokumpu Oyj,"1 743 889 768,02"
Robert Ingman,Hallituksen puheenjohtaja,Digia Oyj,"137 873 936,22"
Seppo Saastamoinen,Hallituksen puheenjohtaja,Tokmanni Group Oyj,"865 370 654,40"
Tapani Aalto,Hallituksen puheenjohtaja,Aallon Group Oyj,"32 422 484,52"
Petri Roininen,Hallituksen puheenjohtaja,Ovaro Kiinteistösijoitus Oyj,"32 336 000,00"
Leena Hautsalo,Hallituksen puheenjohtaja,Keskisuomalainen Oyj,"94 399 199,20"
Harri Tahkola,Hallituksen puheenjohtaja,Talenom Oyj,"243 656 574,48"
Petri Rignell,Hallituksen puheenjohtaja,Kreate Group Oyj,"69 542 135,28"
Asko Myllymäki,Hallituksen puheenjohtaja,Toivo Group Oyj,"57 134 609,58"
Leif Sebbas,Hallituksen puheenjohtaja,Solwers Oyj,"38 617 003,30"
Robert Ingman,Hallituksen puheenjohtaja,Qt Group Oyj,"1 734 521 369,10"
Pekka Ala-Pietilä,Hallituksen puheenjohtaja,Sanoma Oyj,"1 108 975 195,14"
Patrick Lapveteläinen,Hallituksen puheenjohtaja,Enento Group Oyj,"392 615 124,00"
Kaj Hagros,Hallituksen puheenjohtaja,Inderes Oyj,"32 847 615,70"
Anu Kaskinen,Hallituksen puheenjohtaja,Springvest Oyj,"27 856 445,00"
Erkki Veikkolainen,Hallituksen puheenjohtaja,Bittium Oyj,"216 355 719,84"
Jyrki Tähtinen,Hallituksen puheenjohtaja,Tulikivi Oyj,"27 480 900,54"
Mika Ihamuotila,Hallituksen puheenjohtaja,Marimekko Oyj,"493 480 923,80"
Tapani Rautiainen,Hallituksen puheenjohtaja,Investors House Oyj,"35 778 937,60"
Enn Pant,Hallituksen puheenjohtaja,Tallink Grupp AS,"547 266 831,10"
Timo Aukia,Hallituksen puheenjohtaja,Ilkka Oyj,"84 638 236,34"
Päivi Marttila,Hallituksen puheenjohtaja,Aspocomp Group Oyj,"21 413 707,20"
Paul Ehrnrooth,Hallituksen puheenjohtaja,Fiskars Oyj,"1 386 720 000,00"
Robert Ingman,Hallituksen puheenjohtaja,Etteplan Oyj,"347 770 943,40"
Harri Takanen,Hallituksen puheenjohtaja,Scanfil Oyj,"514 327 544,84"
Pekka Mattila,Hallituksen puheenjohtaja,Aiforia Technologies Oyj,"95 422 260,72"
Vesa Sadeharju,Hallituksen puheenjohtaja,Merus Power Oyj,"30 809 212,98"
Seppo Paavola,Hallituksen puheenjohtaja,Atria Oyj,"291 157 598,40"
Jukka Ala-Mello,Hallituksen puheenjohtaja,Panostaja Oyj,"20 906 579,12"
Chaim Katzman,Hallituksen puheenjohtaja,Citycon Oyj,"694 016 725,90"
Johan  Linder,Hallituksen puheenjohtaja,United Bankers Oyj,"182 603 078,85"
Hannu Savisalo,Hallituksen puheenjohtaja,Valoe Oyj,"2 885 999,38"
Esa Kiiskinen,Hallituksen puheenjohtaja,Kesko Oyj,"6 646 408 664,14"
Markku Pietilä,Hallituksen puheenjohtaja,Solteq Oyj,"13 577 550,70"
Petri Rignell,Hallituksen puheenjohtaja,Consti Oyj,"79 150 082,88"
Risto Siilasmaa,Hallituksen puheenjohtaja,WithSecure Oyj,"184 551 478,47"
Petri Salonen,Hallituksen puheenjohtaja,Optomed Oyj,"75 150 495,57"
Antti Herlin,Hallituksen puheenjohtaja,Kone Oyj,"22 711 082 394,00"
Antti Herlin,Hallituksen puheenjohtaja,Kone Oyj,"22 711 082 394,00"
Jukka Halonen,Hallituksen puheenjohtaja,Elecster Oyj,"18 140 881,44"
Markus Mäki,Hallituksen puheenjohtaja,Remedy Entertainment Oyj,"225 787 165,66"
Jukka-Pekka Joensuu,Hallituksen puheenjohtaja,Administer Oyj,"35 885 360,00"
Olavi Köngäs,Hallituksen puheenjohtaja,Netum Group Oyj,"32 221 604,52"
Panu Routila,Hallituksen puheenjohtaja,Fifax Abp,"14 056 706,60"